x1,x2,c1,c2,label
-1.98666,-0.00228882,0.0,4.0,0
-1.95108,0.0324707,0.0,5.0,0
-1.92679,-0.046936,0.0,4.0,0
-1.86688,-0.0678101,0.0,4.0,0
-1.84698,0.00881958,0.0,4.0,0
-1.8064,-0.108795,0.0,4.0,0
-1.784,-0.0264893,1.0,4.0,0
-1.75729,-0.185059,1.0,4.0,0
-1.7399,-0.0408325,1.0,4.0,0
-1.73489,-0.0914001,1.0,4.0,0
-1.71658,-0.0308838,1.0,4.0,0
-1.70807,-0.2211,1.0,3.0,0
-1.70673,-0.13623,1.0,4.0,0
-1.68668,0.270081,1.0,6.0,0
-1.66971,-0.298492,1.0,3.0,0
-1.66492,0.0975952,1.0,5.0,0
-1.64252,-0.310272,1.0,3.0,0
-1.63068,-0.00253296,1.0,4.0,0
-1.62112,0.0897827,1.0,5.0,0
-1.61554,0.166321,1.0,5.0,0
-1.61407,-0.382355,1.0,3.0,0
-1.6066,0.347351,1.0,6.0,0
-1.60306,-0.199371,1.0,3.0,0
-1.595,0.07901,1.0,5.0,0
-1.59195,0.360779,1.0,6.0,0
-1.58936,0.0223999,2.0,5.0,0
-1.58804,0.362732,2.0,6.0,0
-1.58438,-0.113831,2.0,4.0,0
-1.57388,0.262939,2.0,6.0,0
-1.57239,-0.361328,2.0,3.0,0
-1.56573,0.375122,2.0,6.0,0
-1.5614,-0.254486,2.0,3.0,0
-1.55902,-0.278778,2.0,3.0,0
-1.5528,0.357086,2.0,6.0,0
-1.54498,0.242676,2.0,6.0,0
-1.54111,0.337036,2.0,6.0,0
-1.53464,0.228302,2.0,6.0,0
-1.52863,0.0557861,2.0,5.0,0
-1.51288,-0.059082,2.0,4.0,0
-1.51059,-0.361603,2.0,3.0,0
-1.50552,0.48938,2.0,7.0,0
-1.49927,0.184265,2.0,5.0,0
-1.49515,-0.0307922,2.0,4.0,0
-1.48807,0.451355,2.0,7.0,0
-1.48346,0.173767,2.0,5.0,0
-1.47598,-0.3526,2.0,3.0,0
-1.46555,0.50119,2.0,7.0,0
-1.46384,0.35965,2.0,6.0,0
-1.45856,0.42926,2.0,7.0,0
-1.45395,-0.180267,2.0,4.0,0
-1.44376,-0.00686646,2.0,4.0,0
-1.44016,0.107635,2.0,5.0,0
-1.43466,0.224274,2.0,6.0,0
-1.42972,-0.295868,2.0,3.0,0
-1.42075,-0.220917,2.0,3.0,0
-1.4133,0.225006,2.0,6.0,0
-1.40979,0.18042,2.0,5.0,0
-1.40314,0.413483,2.0,7.0,0
-1.40115,-0.119781,2.0,4.0,0
-1.39865,0.140106,2.0,5.0,0
-1.38828,-0.548767,3.0,2.0,0
-1.38297,0.533112,3.0,7.0,0
-1.37769,-0.435028,3.0,2.0,0
-1.37555,0.324554,3.0,6.0,0
-1.37039,-0.0731506,3.0,4.0,0
-1.36783,-0.517639,3.0,2.0,0
-1.34933,-0.0012207,3.0,4.0,0
-1.34558,0.603424,3.0,8.0,0
-1.33566,-0.0579529,3.0,4.0,0
-1.33243,-0.315948,3.0,3.0,0
-1.33029,-0.0121155,3.0,4.0,0
-1.32767,0.430023,3.0,7.0,0
-1.32068,-0.307617,3.0,3.0,0
-1.31607,-0.201385,3.0,3.0,0
-1.31107,-0.000244141,3.0,4.0,0
-1.30746,-0.573303,3.0,2.0,0
-1.29886,-0.345551,3.0,3.0,0
-1.29474,-0.344635,3.0,3.0,0
-1.29062,0.605804,3.0,8.0,0
-1.27979,0.546448,3.0,7.0,0
-1.27356,0.584534,3.0,7.0,0
-1.27148,-0.499481,3.0,2.0,0
-1.26971,0.453003,3.0,7.0,0
-1.2674,0.291962,3.0,6.0,0
-1.26077,-0.0504761,3.0,4.0,0
-1.25916,-0.0043335,3.0,4.0,0
-1.25595,0.410278,3.0,7.0,0
-1.25195,-0.203003,3.0,3.0,0
-1.25006,0.443298,3.0,7.0,0
-1.24643,-0.546661,3.0,2.0,0
-1.23843,-0.454926,3.0,2.0,0
-1.23621,0.260803,3.0,6.0,0
-1.22723,0.599945,3.0,8.0,0
-1.22549,0.632782,3.0,8.0,0
-1.22211,-0.634735,3.0,1.0,0
-1.22003,-0.143372,3.0,4.0,0
-1.21259,-0.475494,3.0,2.0,0
-1.20874,0.383606,3.0,6.0,0
-1.20563,-0.649017,3.0,1.0,0
-1.20206,-0.109741,3.0,4.0,0
-1.19711,0.629974,3.0,8.0,0
-1.1936,0.618256,4.0,8.0,0
-1.19183,-0.107513,4.0,4.0,0
-1.19003,-0.0169373,4.0,4.0,0
-1.18143,0.624878,4.0,8.0,0
-1.18051,-0.701538,4.0,1.0,0
-1.17413,0.072113,4.0,5.0,0
-1.16898,-0.657288,4.0,1.0,0
-1.16473,0.209076,4.0,6.0,0
-1.15799,-0.423492,4.0,2.0,0
-1.15488,-0.326904,4.0,3.0,0
-1.15408,-0.142853,4.0,4.0,0
-1.15207,-0.651978,4.0,1.0,0
-1.14667,-0.37439,4.0,3.0,0
-1.14481,0.630157,4.0,8.0,0
-1.13977,-0.423279,4.0,2.0,0
-1.13577,0.51651,4.0,7.0,0
-1.13055,0.545013,4.0,7.0,0
-1.12375,0.577179,4.0,7.0,0
-1.12106,-0.0520935,4.0,4.0,0
-1.11835,0.618256,4.0,8.0,0
-1.11377,0.454498,4.0,7.0,0
-1.11166,0.0415955,4.0,5.0,0
-1.10962,-0.70105,4.0,1.0,0
-1.10846,0.593353,4.0,7.0,0
-1.10416,-0.105408,4.0,4.0,0
-1.10339,0.57724,4.0,7.0,0
-1.10254,-0.0229187,4.0,4.0,0
-1.0983,-0.545349,4.0,2.0,0
-1.08801,0.614258,4.0,8.0,0
-1.08545,-0.551971,4.0,2.0,0
-1.08353,-0.284119,4.0,3.0,0
-1.08078,-0.181244,4.0,4.0,0
-1.07422,0.556244,4.0,7.0,0
-1.07123,-0.917023,4.0,0.0,0
-1.06671,0.491211,4.0,7.0,0
-1.06152,-0.0592957,4.0,4.0,0
-1.0538,0.0814209,4.0,5.0,0
-1.05173,-0.187347,4.0,4.0,0
-1.04953,0.211029,4.0,6.0,0
-1.04865,-0.655731,4.0,1.0,0
-1.0477,-0.788391,4.0,0.0,0
-1.04697,-0.877838,4.0,0.0,0
-1.04449,-0.377136,4.0,3.0,0
-1.03946,-0.881714,4.0,0.0,0
-1.03857,-0.252075,4.0,3.0,0
-1.03311,-0.966339,4.0,0.0,0
-1.03137,0.125153,4.0,5.0,0
-1.02905,0.259277,4.0,6.0,0
-1.02667,0.041626,4.0,5.0,0
-1.02185,0.929871,4.0,9.0,0
-1.02042,0.94223,4.0,9.0,0
-1.01749,-0.813538,4.0,0.0,0
-1.01392,-0.205414,4.0,3.0,0
-1.0123,0.658447,4.0,8.0,0
-1.00879,-0.918762,4.0,0.0,0
-1.00308,0.639313,4.0,8.0,0
-1.00085,-0.768555,4.0,1.0,0
-0.998718,-0.864166,4.0,0.0,0
-0.995728,-0.417908,5.0,2.0,0
-0.99411,-0.707855,5.0,1.0,0
-0.992645,0.576233,5.0,7.0,0
-0.986542,-0.103149,5.0,4.0,0
-0.98468,-0.821777,5.0,0.0,0
-0.983765,0.3284,5.0,6.0,0
-0.980164,-0.204102,5.0,3.0,0
-0.979126,0.73291,5.0,8.0,0
-0.974945,-0.215393,5.0,3.0,0
-0.972198,-0.355072,5.0,3.0,0
-0.969818,0.465332,5.0,7.0,0
-0.966797,0.880554,5.0,9.0,0
-0.962799,0.741272,5.0,8.0,0
-0.959106,-0.173523,5.0,4.0,0
-0.956635,0.699219,5.0,8.0,0
-0.953094,0.818298,5.0,9.0,0
-0.94986,-0.881592,5.0,0.0,0
-0.947357,0.168427,5.0,5.0,0
-0.946045,-0.908447,5.0,0.0,0
-0.944305,-0.571228,5.0,2.0,0
-0.941193,0.00820923,5.0,4.0,0
-0.936005,-0.361206,5.0,3.0,0
-0.929291,0.607727,5.0,8.0,0
-0.928223,-0.294739,5.0,3.0,0
-0.925385,0.00518799,5.0,4.0,0
-0.92334,0.186066,5.0,5.0,0
-0.919403,-0.846313,5.0,0.0,0
-0.918518,-0.806519,5.0,0.0,0
-0.915344,0.309265,5.0,6.0,0
-0.906464,0.825958,5.0,9.0,0
-0.90329,-0.668182,5.0,1.0,0
-0.899872,0.434753,5.0,7.0,0
-0.898071,0.411591,5.0,7.0,0
-0.894867,0.359741,5.0,6.0,0
-0.893799,-0.368439,5.0,3.0,0
-0.888428,-0.10202,5.0,4.0,0
-0.885254,-0.304688,5.0,3.0,0
-0.88092,0.247192,5.0,6.0,0
-0.878265,0.284424,5.0,6.0,0
-0.872772,0.0657349,5.0,5.0,0
-0.868378,-0.847046,5.0,0.0,0
-0.867401,-0.515228,5.0,2.0,0
-0.862793,0.706848,5.0,8.0,0
-0.859894,0.738953,5.0,8.0,0
-0.858368,0.172302,5.0,5.0,0
-0.857239,-0.689484,5.0,1.0,0
-0.852692,-0.165894,5.0,4.0,0
-0.846558,-0.721924,5.0,1.0,0
-0.842773,-0.727783,5.0,1.0,0
-0.840393,0.52359,5.0,7.0,0
-0.83847,-0.66745,5.0,1.0,0
-0.834717,0.17984,5.0,5.0,0
-0.83197,0.206512,5.0,6.0,0
-0.827545,-0.0689087,5.0,4.0,0
-0.824677,-0.549866,5.0,2.0,0
-0.823425,0.374237,5.0,6.0,0
-0.822388,0.452728,5.0,7.0,0
-0.82074,-0.481903,5.0,2.0,0
-0.817078,0.0176697,5.0,5.0,0
-0.813049,0.237823,5.0,6.0,0
-0.811646,-0.343109,5.0,3.0,0
-0.808594,0.787079,5.0,8.0,0
-0.806091,0.715576,5.0,8.0,0
-0.803162,0.451691,5.0,7.0,0
-0.79834,-0.282349,6.0,3.0,0
-0.797028,0.576294,6.0,7.0,0
-0.795044,0.772949,6.0,8.0,0
-0.792145,0.474091,6.0,7.0,0
-0.788574,0.128326,6.0,5.0,0
-0.785889,0.245972,6.0,6.0,0
-0.781128,-0.077179,6.0,4.0,0
-0.778259,0.568634,6.0,7.0,0
-0.775452,-0.643127,6.0,1.0,0
-0.769623,0.423828,6.0,7.0,0
-0.764374,0.108795,6.0,5.0,0
-0.757263,0.129242,6.0,5.0,0
-0.750793,-0.570679,6.0,2.0,0
-0.748169,0.462189,6.0,7.0,0
-0.746399,0.0569458,6.0,5.0,0
-0.742706,-0.109619,6.0,4.0,0
-0.738098,-0.31134,6.0,3.0,0
-0.730591,0.348969,6.0,6.0,0
-0.722961,-0.560974,6.0,2.0,0
-0.720428,0.568726,6.0,7.0,0
-0.717102,0.227417,6.0,6.0,0
-0.71225,-0.168945,6.0,4.0,0
-0.700378,-0.322174,6.0,3.0,0
-0.693604,-0.28421,6.0,3.0,0
-0.689697,0.154266,6.0,5.0,0
-0.686646,0.143219,6.0,5.0,0
-0.680115,0.0863342,6.0,5.0,0
-0.673859,0.2547,6.0,6.0,0
-0.669128,-0.562744,6.0,2.0,0
-0.665955,0.582977,6.0,7.0,0
-0.662598,0.393372,6.0,6.0,0
-0.658447,0.0443726,6.0,5.0,0
-0.651062,0.462158,6.0,7.0,0
-0.648407,-0.0144958,6.0,4.0,0
-0.642487,-0.618073,6.0,1.0,0
-0.639008,-0.379883,6.0,3.0,0
-0.636566,0.454041,6.0,7.0,0
-0.628998,-0.0436401,6.0,4.0,0
-0.625916,0.0791321,6.0,5.0,0
-0.618042,0.441925,6.0,7.0,0
-0.615662,0.243927,6.0,6.0,0
-0.611298,0.550171,6.0,7.0,0
-0.606445,-0.3974,6.0,2.0,0
-0.602142,-0.119781,7.0,4.0,0
-0.60141,-0.43277,7.0,2.0,0
-0.598938,0.349792,7.0,6.0,0
-0.589081,0.49411,7.0,7.0,0
-0.588318,0.232056,7.0,6.0,0
-0.583527,0.476624,7.0,7.0,0
-0.575287,0.122253,7.0,5.0,0
-0.57251,-0.221619,7.0,3.0,0
-0.570862,0.318176,7.0,6.0,0
-0.568298,0.0210571,7.0,5.0,0
-0.555969,-0.466614,7.0,2.0,0
-0.552521,0.359222,7.0,6.0,0
-0.546753,-0.476837,7.0,2.0,0
-0.543915,-0.271881,7.0,3.0,0
-0.538666,0.494843,7.0,7.0,0
-0.534363,-0.126862,7.0,4.0,0
-0.519043,0.109436,7.0,5.0,0
-0.509277,0.453735,7.0,7.0,0
-0.503113,-0.439026,7.0,2.0,0
-0.499329,-0.274139,7.0,3.0,0
-0.49646,0.33432,7.0,6.0,0
-0.490753,0.382355,7.0,6.0,0
-0.483124,-0.14035,7.0,4.0,0
-0.4758,-0.452026,7.0,2.0,0
-0.468842,-0.209991,7.0,3.0,0
-0.463226,0.300842,7.0,6.0,0
-0.455109,0.36499,7.0,6.0,0
-0.453064,0.089325,7.0,5.0,0
-0.451263,-0.351044,7.0,3.0,0
-0.447388,-0.394501,7.0,2.0,0
-0.44046,0.158386,7.0,5.0,0
-0.433319,0.0203247,7.0,5.0,0
-0.429871,0.39621,7.0,6.0,0
-0.424805,0.207031,7.0,6.0,0
-0.419037,-0.195618,7.0,3.0,0
-0.415894,0.306641,7.0,6.0,0
-0.409271,-0.0709229,7.0,4.0,0
-0.399261,-0.27536,8.0,3.0,0
-0.393799,-0.195526,8.0,3.0,0
-0.374939,0.0413513,8.0,5.0,0
-0.371338,-0.160187,8.0,4.0,0
-0.367035,-0.311249,8.0,3.0,0
-0.356689,-0.0560303,8.0,4.0,0
-0.349274,-0.199585,8.0,3.0,0
-0.343719,-0.00466919,8.0,4.0,0
-0.337585,-0.307465,8.0,3.0,0
-0.330872,0.180237,8.0,5.0,0
-0.312378,0.0904236,8.0,5.0,0
-0.307129,-0.30304,8.0,3.0,0
-0.302338,0.135315,8.0,5.0,0
-0.295898,0.109589,8.0,5.0,0
-0.29126,-0.0582275,8.0,4.0,0
-0.272339,-0.0432129,8.0,4.0,0
-0.260773,0.148071,8.0,5.0,0
-0.255249,0.215088,8.0,6.0,0
-0.232117,-0.0505066,8.0,4.0,0
-0.226471,0.0637207,8.0,5.0,0
-0.214508,0.17041,8.0,5.0,0
-0.204773,-0.196503,9.0,3.0,0
-0.182526,0.099823,9.0,5.0,0
-0.16333,0.0557556,9.0,5.0,0
-0.148804,-0.0747986,9.0,4.0,0
-0.142639,0.109314,9.0,5.0,0
-0.131531,-0.0812073,9.0,4.0,0
-0.113983,0.0637207,9.0,5.0,0
-0.104889,-0.0725098,9.0,4.0,0
-0.0978394,0.0479126,9.0,5.0,0
0.035675,-0.0065918,10.0,4.0,1
0.0690918,-0.0161438,10.0,4.0,1
0.0965576,-0.0513916,10.0,4.0,1
0.150604,0.0811768,10.0,5.0,1
0.169495,0.144989,10.0,5.0,1
0.187866,0.168488,11.0,5.0,1
0.198273,0.118134,11.0,5.0,1
0.205658,-0.125641,11.0,4.0,1
0.212982,-0.0686646,11.0,4.0,1
0.226959,-0.0592957,11.0,4.0,1
0.240356,0.0065918,11.0,4.0,1
0.24588,0.18985,11.0,5.0,1
0.252075,0.0549927,11.0,5.0,1
0.272705,0.000762939,11.0,4.0,1
0.278442,0.129303,11.0,5.0,1
0.285431,-0.26709,11.0,3.0,1
0.291443,0.156982,11.0,5.0,1
0.302063,-0.0382996,11.0,4.0,1
0.325256,0.307251,11.0,6.0,1
0.34198,-0.285461,11.0,3.0,1
0.345459,-0.19519,11.0,3.0,1
0.35025,-0.275543,11.0,3.0,1
0.354004,0.351593,11.0,6.0,1
0.36496,-0.231567,11.0,3.0,1
0.370178,-0.0288086,11.0,4.0,1
0.376434,-0.330902,11.0,3.0,1
0.384857,-0.28064,12.0,3.0,1
0.386108,0.300507,12.0,6.0,1
0.392761,-0.343964,12.0,3.0,1
0.40329,0.0374756,12.0,5.0,1
0.409119,-0.378601,12.0,3.0,1
0.41391,0.138062,12.0,5.0,1
0.418762,0.0652771,12.0,5.0,1
0.422821,-0.0962524,12.0,4.0,1
0.433563,0.405975,12.0,7.0,1
0.443909,0.0197449,12.0,5.0,1
0.448425,0.376099,12.0,6.0,1
0.458923,0.256226,12.0,6.0,1
0.463837,0.0225525,12.0,5.0,1
0.467255,0.292999,12.0,6.0,1
0.477783,-0.229614,12.0,3.0,1
0.47995,-0.300446,12.0,3.0,1
0.484344,0.293121,12.0,6.0,1
0.48645,0.424622,12.0,7.0,1
0.493042,0.189331,12.0,5.0,1
0.503357,0.165802,12.0,5.0,1
0.508698,-0.503265,12.0,2.0,1
0.512909,-0.255737,12.0,3.0,1
0.519989,0.41684,12.0,7.0,1
0.527832,0.484283,12.0,7.0,1
0.528687,-0.0919189,12.0,4.0,1
0.532654,0.430267,12.0,7.0,1
0.541504,-0.319427,12.0,3.0,1
0.543976,0.375732,12.0,6.0,1
0.549744,-0.0967712,12.0,4.0,1
0.556427,0.314606,12.0,6.0,1
0.559723,0.412079,12.0,7.0,1
0.574188,0.0428772,12.0,5.0,1
0.578125,0.220947,12.0,6.0,1
0.582672,0.00747681,13.0,4.0,1
0.585968,-0.109161,13.0,4.0,1
0.603302,-0.22821,13.0,3.0,1
0.606873,0.428314,13.0,7.0,1
0.615906,0.238251,13.0,6.0,1
0.618073,0.573334,13.0,7.0,1
0.624756,-0.61853,13.0,1.0,1
0.62973,0.137665,13.0,5.0,1
0.635284,-0.607971,13.0,1.0,1
0.638519,0.0758667,13.0,5.0,1
0.641327,0.143555,13.0,5.0,1
0.644836,0.643311,13.0,8.0,1
0.650421,-0.637604,13.0,1.0,1
0.657562,-0.548553,13.0,2.0,1
0.660614,-0.456909,13.0,2.0,1
0.667877,-0.199371,13.0,3.0,1
0.673492,0.141663,13.0,5.0,1
0.675293,-0.0345154,13.0,4.0,1
0.682617,-0.274445,13.0,3.0,1
0.68515,0.424286,13.0,7.0,1
0.685883,0.0248108,13.0,5.0,1
0.693634,-0.493256,13.0,2.0,1
0.696442,0.488464,13.0,7.0,1
0.706848,-0.361694,13.0,3.0,1
0.719116,-0.166199,13.0,4.0,1
0.723022,0.0182495,13.0,5.0,1
0.727478,-0.0773315,13.0,4.0,1
0.733337,-0.444244,13.0,2.0,1
0.739014,-0.494904,13.0,2.0,1
0.742798,-0.119415,13.0,4.0,1
0.74588,0.686401,13.0,8.0,1
0.750336,0.541992,13.0,7.0,1
0.752045,0.226013,13.0,6.0,1
0.753448,-0.265778,13.0,3.0,1
0.759064,-0.197601,13.0,3.0,1
0.763275,-0.653473,13.0,1.0,1
0.766296,0.164307,13.0,5.0,1
0.773376,-0.591644,13.0,1.0,1
0.778992,-0.071167,13.0,4.0,1
0.780762,0.0630188,14.0,5.0,1
0.78418,0.672394,14.0,8.0,1
0.790192,-0.611023,14.0,1.0,1
0.793488,0.743713,14.0,8.0,1
0.796356,-0.233734,14.0,3.0,1
0.799774,0.0809021,14.0,5.0,1
0.801941,0.0674133,14.0,5.0,1
0.805634,0.258423,14.0,6.0,1
0.806915,0.348816,14.0,6.0,1
0.812103,0.161407,14.0,5.0,1
0.816803,-0.297668,14.0,3.0,1
0.825256,0.801666,14.0,9.0,1
0.82901,-0.522614,14.0,2.0,1
0.833496,0.74472,14.0,8.0,1
0.835419,-0.190948,14.0,3.0,1
0.837311,0.0430298,14.0,5.0,1
0.84314,0.820526,14.0,9.0,1
0.846069,0.195984,14.0,5.0,1
0.849609,-0.749878,14.0,1.0,1
0.854004,-0.692841,14.0,1.0,1
0.857086,-0.410767,14.0,2.0,1
0.862274,-0.470215,14.0,2.0,1
0.863373,-0.726074,14.0,1.0,1
0.866608,-0.798828,14.0,0.0,1
0.8685,-0.139404,14.0,4.0,1
0.871674,-0.210571,14.0,3.0,1
0.872833,0.168457,14.0,5.0,1
0.875244,0.0609436,14.0,5.0,1
0.878296,-0.393402,14.0,2.0,1
0.88266,0.42572,14.0,7.0,1
0.886505,0.472076,14.0,7.0,1
0.887665,-0.449615,14.0,2.0,1
0.891083,0.0343018,14.0,5.0,1
0.895172,-0.792725,14.0,0.0,1
0.898102,-0.723419,14.0,1.0,1
0.901733,-0.693207,14.0,1.0,1
0.907776,-0.511597,14.0,2.0,1
0.917511,0.845673,14.0,9.0,1
0.921112,0.595978,14.0,7.0,1
0.9245,-0.326782,14.0,3.0,1
0.926453,-0.362305,14.0,3.0,1
0.93042,-0.660706,14.0,1.0,1
0.935364,0.397583,14.0,6.0,1
0.937653,0.601746,14.0,8.0,1
0.941254,0.647034,14.0,8.0,1
0.944946,-0.940155,14.0,0.0,1
0.946991,0.84671,14.0,9.0,1
0.952148,-0.457825,14.0,2.0,1
0.953522,-0.883942,14.0,0.0,1
0.955292,-0.464844,14.0,2.0,1
0.958374,-0.503479,14.0,2.0,1
0.962036,0.0777893,14.0,5.0,1
0.962341,-0.139221,14.0,4.0,1
0.964203,-0.117279,14.0,4.0,1
0.965302,-0.812775,14.0,0.0,1
0.976563,0.300507,14.0,6.0,1
0.978271,-0.874207,15.0,0.0,1
0.978851,-0.0107117,15.0,4.0,1
0.980774,0.104523,15.0,5.0,1
0.98584,-0.974518,15.0,0.0,1
0.989471,0.122925,15.0,5.0,1
0.994873,0.857056,15.0,9.0,1
0.99823,-0.374603,15.0,3.0,1
0.999146,-0.211456,15.0,3.0,1
0.999969,0.572601,15.0,7.0,1
1.00275,-0.389008,15.0,2.0,1
1.00443,-0.652161,15.0,1.0,1
1.00693,0.417664,15.0,7.0,1
1.01181,-0.952789,15.0,0.0,1
1.01343,-0.644318,15.0,1.0,1
1.0148,-0.599182,15.0,1.0,1
1.01849,-0.0119324,15.0,4.0,1
1.01941,-0.569977,15.0,2.0,1
1.02359,-0.668152,15.0,1.0,1
1.02405,-0.716522,15.0,1.0,1
1.0274,0.604004,15.0,8.0,1
1.03067,0.150757,15.0,5.0,1
1.03397,-0.630066,15.0,1.0,1
1.03726,0.353271,15.0,6.0,1
1.0386,0.542786,15.0,7.0,1
1.04385,-0.462494,15.0,2.0,1
1.04559,-0.733551,15.0,1.0,1
1.04672,0.25592,15.0,6.0,1
1.05087,0.908569,15.0,9.0,1
1.05402,0.291595,15.0,6.0,1
1.05695,0.584961,15.0,7.0,1
1.06055,-0.710632,15.0,1.0,1
1.0632,0.620728,15.0,8.0,1
1.06711,-0.0430298,15.0,4.0,1
1.07596,0.0642395,15.0,5.0,1
1.08087,-0.510742,15.0,2.0,1
1.08316,-0.696594,15.0,1.0,1
1.08514,0.719055,15.0,8.0,1
1.08917,-0.357269,15.0,3.0,1
1.09253,0.710022,15.0,8.0,1
1.09436,-0.0574341,15.0,4.0,1
1.09811,0.375153,15.0,6.0,1
1.09927,-0.0587158,15.0,4.0,1
1.10187,0.20517,15.0,5.0,1
1.10394,0.543335,15.0,7.0,1
1.11038,-0.502319,15.0,2.0,1
1.11203,-0.841614,15.0,0.0,1
1.1138,-0.494568,15.0,2.0,1
1.11676,0.0870361,15.0,5.0,1
1.12009,0.788788,15.0,8.0,1
1.1235,-0.853912,15.0,0.0,1
1.12732,0.644196,15.0,8.0,1
1.1293,0.377167,15.0,6.0,1
1.13141,-0.260376,15.0,3.0,1
1.13437,-0.578461,15.0,2.0,1
1.13605,0.581024,15.0,7.0,1
1.1409,-0.66803,15.0,1.0,1
1.14276,-0.681641,15.0,1.0,1
1.14688,-0.0361023,15.0,4.0,1
1.15015,-0.802521,15.0,0.0,1
1.15164,0.163086,15.0,5.0,1
1.15506,-0.170288,15.0,4.0,1
1.1597,-0.694397,15.0,1.0,1
1.16235,0.827057,15.0,9.0,1
1.16534,-0.659851,15.0,1.0,1
1.16757,0.750641,15.0,8.0,1
1.16928,-0.135864,15.0,4.0,1
1.17108,0.111877,15.0,5.0,1
1.17548,-0.359741,16.0,3.0,1
1.17792,-0.456451,16.0,2.0,1
1.18182,-0.511383,16.0,2.0,1
1.18524,-0.346893,16.0,3.0,1
1.18948,0.67099,16.0,8.0,1
1.19122,-0.73996,16.0,1.0,1
1.19647,-0.630371,16.0,1.0,1
1.19907,-0.0548401,16.0,4.0,1
1.2037,0.160095,16.0,5.0,1
1.20541,0.391846,16.0,6.0,1
1.20804,0.329437,16.0,6.0,1
1.20959,0.120209,16.0,5.0,1
1.2164,0.600922,16.0,8.0,1
1.22638,-0.518158,16.0,2.0,1
1.22836,-0.586578,16.0,1.0,1
1.22995,0.134338,16.0,5.0,1
1.23401,-0.319458,16.0,3.0,1
1.23758,0.559509,16.0,7.0,1
1.24042,-0.257202,16.0,3.0,1
1.24161,0.667419,16.0,8.0,1
1.24417,-0.671844,16.0,1.0,1
1.24692,0.7276,16.0,8.0,1
1.24908,0.663605,16.0,8.0,1
1.25552,-0.630829,16.0,1.0,1
1.26093,0.231812,16.0,6.0,1
1.26624,-0.66922,16.0,1.0,1
1.26962,0.62796,16.0,8.0,1
1.27469,-0.279022,16.0,3.0,1
1.28384,0.0115356,16.0,5.0,1
1.28952,0.0409241,16.0,5.0,1
1.29514,0.401855,16.0,6.0,1
1.29694,-0.0458679,16.0,4.0,1
1.30084,-0.310791,16.0,3.0,1
1.30286,-0.303986,16.0,3.0,1
1.30823,-0.489136,16.0,2.0,1
1.3125,0.429596,16.0,7.0,1
1.32062,-0.0213013,16.0,4.0,1
1.32462,0.643921,16.0,8.0,1
1.32849,-0.0484314,16.0,4.0,1
1.33179,-0.559845,16.0,2.0,1
1.33591,0.274841,16.0,6.0,1
1.33987,0.454407,16.0,7.0,1
1.34106,-0.658569,16.0,1.0,1
1.35321,0.234436,16.0,6.0,1
1.35831,-0.45108,16.0,2.0,1
1.36191,0.429443,16.0,7.0,1
1.36401,0.430756,16.0,7.0,1
1.36618,-0.370819,16.0,3.0,1
1.36768,-0.481598,16.0,2.0,1
1.36905,0.255554,16.0,6.0,1
1.36966,0.478912,16.0,7.0,1
1.3765,-0.296661,17.0,3.0,1
1.39063,-0.526245,17.0,2.0,1
1.39209,-0.153656,17.0,4.0,1
1.39481,-0.321381,17.0,3.0,1
1.40402,0.237061,17.0,6.0,1
1.41052,0.202789,17.0,5.0,1
1.41373,0.151978,17.0,5.0,1
1.41763,0.285614,17.0,6.0,1
1.4252,-0.119904,17.0,4.0,1
1.42776,0.310669,17.0,6.0,1
1.43051,0.179535,17.0,5.0,1
1.4346,-0.367401,17.0,3.0,1
1.43893,0.479767,17.0,7.0,1
1.44672,-0.263397,17.0,3.0,1
1.45709,-0.418915,17.0,2.0,1
1.45856,0.240662,17.0,6.0,1
1.46823,-0.179321,17.0,4.0,1
1.47595,0.290741,17.0,6.0,1
1.47754,0.415436,17.0,7.0,1
1.48785,-0.407867,17.0,2.0,1
1.49118,0.220367,17.0,6.0,1
1.49228,0.0247192,17.0,5.0,1
1.49612,-0.448669,17.0,2.0,1
1.50476,0.100159,17.0,5.0,1
1.5097,-0.337921,17.0,3.0,1
1.52151,0.474121,17.0,7.0,1
1.52701,-0.157928,17.0,4.0,1
1.53482,-0.246582,17.0,3.0,1
1.54272,0.246094,17.0,6.0,1
1.54611,-0.012146,17.0,4.0,1
1.55042,0.30661,17.0,6.0,1
1.55835,-0.329041,17.0,3.0,1
1.56339,0.00402832,17.0,4.0,1
1.56668,-0.0856628,17.0,4.0,1
1.56873,0.342102,17.0,6.0,1
1.58154,-0.328766,18.0,3.0,1
1.58865,-0.115112,18.0,4.0,1
1.599,0.378235,18.0,6.0,1
1.6033,-0.342926,18.0,3.0,1
1.61719,0.152161,18.0,5.0,1
1.61942,0.101929,18.0,5.0,1
1.63718,0.137329,18.0,5.0,1
1.63901,0.29599,18.0,6.0,1
1.64832,0.154114,18.0,5.0,1
1.65167,-0.303406,18.0,3.0,1
1.66376,0.264069,18.0,6.0,1
1.67181,0.0612488,18.0,5.0,1
1.67459,0.268402,18.0,6.0,1
1.68314,0.122101,18.0,5.0,1
1.68491,-0.218536,18.0,3.0,1
1.69772,0.279724,18.0,6.0,1
1.70377,-0.188202,18.0,3.0,1
1.71082,0.173248,18.0,5.0,1
1.7168,0.0922241,18.0,5.0,1
1.72382,0.056488,18.0,5.0,1
1.76147,-0.205048,18.0,3.0,1
1.78043,-0.119263,19.0,4.0,1
1.80167,0.158081,19.0,5.0,1
1.82196,-0.0116882,19.0,4.0,1
1.89746,0.0846863,19.0,5.0,1
1.92902,0.0603943,19.0,5.0,1
1.94073,-0.0214539,19.0,4.0,1
2.05722,0.0110779,20.0,5.0,2
2.10861,0.102142,20.0,5.0,2
2.14987,-0.0936584,20.0,4.0,2
2.17911,0.173309,21.0,5.0,2
2.18698,-0.109192,21.0,4.0,2
2.20157,-0.146881,21.0,4.0,2
2.2197,0.091217,21.0,5.0,2
2.24872,-0.247925,21.0,3.0,2
2.2532,0.22406,21.0,6.0,2
2.26382,0.241638,21.0,6.0,2
2.27188,-0.208344,21.0,3.0,2
2.27835,-0.070343,21.0,4.0,2
2.28525,0.0941467,21.0,5.0,2
2.29672,-0.277924,21.0,3.0,2
2.29907,0.0544434,21.0,5.0,2
2.31921,0.259399,21.0,6.0,2
2.33023,0.0839844,21.0,5.0,2
2.3428,-0.175171,21.0,4.0,2
2.3526,0.0591736,21.0,5.0,2
2.35352,0.133026,21.0,5.0,2
2.36484,0.0157471,22.0,5.0,2
2.36829,-0.269623,22.0,3.0,2
2.37363,-0.0921631,22.0,4.0,2
2.38733,-0.0741882,22.0,4.0,2
2.38959,0.0939941,22.0,5.0,2
2.40002,0.0426025,22.0,5.0,2
2.40585,0.209473,22.0,6.0,2
2.41144,-0.0728149,22.0,4.0,2
2.41879,0.224518,22.0,6.0,2
2.42297,0.175842,22.0,5.0,2
2.42682,0.204285,22.0,5.0,2
2.42789,0.0256042,22.0,5.0,2
2.435,-0.246185,22.0,3.0,2
2.43747,-0.0715332,22.0,4.0,2
2.44388,-0.20163,22.0,3.0,2
2.44864,-0.142212,22.0,4.0,2
2.46478,0.193542,22.0,5.0,2
2.46765,0.286072,22.0,6.0,2
2.47937,-0.167877,22.0,4.0,2
2.48972,-0.124512,22.0,4.0,2
2.49762,0.313904,22.0,6.0,2
2.5011,-0.0581055,22.0,4.0,2
2.50766,0.294159,22.0,6.0,2
2.51285,0.356049,22.0,6.0,2
2.5202,0.342072,22.0,6.0,2
2.52289,0.118591,22.0,5.0,2
2.52631,0.204468,22.0,5.0,2
2.53787,-0.0915527,22.0,4.0,2
2.54175,-0.391205,22.0,2.0,2
2.55161,0.539917,22.0,7.0,2
2.55545,0.0363159,22.0,5.0,2
2.55902,0.0640564,23.0,5.0,2
2.5607,0.528381,23.0,7.0,2
2.56357,0.509491,23.0,7.0,2
2.57114,0.551941,23.0,7.0,2
2.58441,-0.549316,23.0,2.0,2
2.58743,0.267731,23.0,6.0,2
2.59094,0.539001,23.0,7.0,2
2.59372,-0.304382,23.0,3.0,2
2.60315,-0.515411,23.0,2.0,2
2.61188,-0.605804,23.0,1.0,2
2.62854,0.112122,23.0,5.0,2
2.63144,0.536224,23.0,7.0,2
2.63452,-0.472046,23.0,2.0,2
2.63599,-0.468658,23.0,2.0,2
2.63885,-0.121674,23.0,4.0,2
2.64261,0.392975,23.0,6.0,2
2.65051,0.365112,23.0,6.0,2
2.65549,-0.158417,23.0,4.0,2
2.6629,-0.329742,23.0,3.0,2
2.66971,0.461731,23.0,7.0,2
2.68051,0.252258,23.0,6.0,2
2.68524,0.365448,23.0,6.0,2
2.69016,-0.564606,23.0,2.0,2
2.69623,-0.551727,23.0,2.0,2
2.7002,-0.698151,23.0,1.0,2
2.70883,-0.458435,23.0,2.0,2
2.7139,-0.170288,23.0,4.0,2
2.7164,0.0361633,23.0,5.0,2
2.71814,0.65448,23.0,8.0,2
2.72324,-0.718109,23.0,1.0,2
2.72723,0.615723,23.0,8.0,2
2.73398,0.0748596,23.0,5.0,2
2.74237,-0.732697,23.0,1.0,2
2.74606,-0.572052,23.0,2.0,2
2.75839,-0.272949,24.0,3.0,2
2.75995,0.586792,24.0,7.0,2
2.76364,-0.508545,24.0,2.0,2
2.77298,-0.560638,24.0,2.0,2
2.77682,0.0619812,24.0,5.0,2
2.77802,0.173706,24.0,5.0,2
2.78073,-0.602753,24.0,1.0,2
2.78256,-0.639435,24.0,1.0,2
2.78326,-0.525208,24.0,2.0,2
2.78488,-0.452972,24.0,2.0,2
2.78641,0.405029,24.0,7.0,2
2.78781,0.369049,24.0,6.0,2
2.78964,-0.64621,24.0,1.0,2
2.79434,0.0440369,24.0,5.0,2
2.79495,0.280609,24.0,6.0,2
2.79855,-0.260925,24.0,3.0,2
2.80307,-0.243042,24.0,3.0,2
2.80582,0.581055,24.0,7.0,2
2.81036,0.382233,24.0,6.0,2
2.81281,0.038269,24.0,5.0,2
2.81903,0.139404,24.0,5.0,2
2.82272,0.183868,24.0,5.0,2
2.82599,-0.334991,24.0,3.0,2
2.828,0.694977,24.0,8.0,2
2.82977,0.492859,24.0,7.0,2
2.83295,-0.157745,24.0,4.0,2
2.84146,-0.138336,24.0,4.0,2
2.84363,-0.123779,24.0,4.0,2
2.84824,0.0020752,24.0,4.0,2
2.85178,0.429321,24.0,7.0,2
2.85681,-0.432983,24.0,2.0,2
2.85843,-0.26062,24.0,3.0,2
2.86032,-0.768524,24.0,1.0,2
2.86804,0.759979,24.0,8.0,2
2.87018,-0.525452,24.0,2.0,2
2.87125,0.193695,24.0,5.0,2
2.87335,-0.804504,24.0,0.0,2
2.87732,0.139679,24.0,5.0,2
2.88031,0.642242,24.0,8.0,2
2.88464,-0.69339,24.0,1.0,2
2.88751,-0.237579,24.0,3.0,2
2.88989,0.449158,24.0,7.0,2
2.89114,0.182465,24.0,5.0,2
2.89581,0.210724,24.0,6.0,2
2.89938,-0.165558,24.0,4.0,2
2.90128,-0.682861,24.0,1.0,2
2.90222,0.520782,24.0,7.0,2
2.90607,0.610657,24.0,8.0,2
2.90976,0.646149,24.0,8.0,2
2.91849,0.258667,24.0,6.0,2
2.92023,0.351654,24.0,6.0,2
2.92188,0.726013,24.0,8.0,2
2.92603,0.410858,24.0,7.0,2
2.92819,-0.481171,24.0,2.0,2
2.93301,-0.6521,24.0,1.0,2
2.93375,-0.455658,24.0,2.0,2
2.93649,-0.414703,24.0,2.0,2
2.93857,0.28595,24.0,6.0,2
2.94196,-0.550354,24.0,2.0,2
2.94498,-0.538269,24.0,2.0,2
2.94739,0.101196,24.0,5.0,2
2.94943,0.315247,24.0,6.0,2
2.95187,-0.270203,24.0,3.0,2
2.95551,0.809296,25.0,9.0,2
2.95801,0.663727,25.0,8.0,2
2.96033,0.339386,25.0,6.0,2
2.96317,0.366333,25.0,6.0,2
2.9675,0.89502,25.0,9.0,2
2.96887,-0.514252,25.0,2.0,2
2.97232,-0.0813599,25.0,4.0,2
2.97369,0.45752,25.0,7.0,2
2.97565,-0.284943,25.0,3.0,2
2.97696,0.463379,25.0,7.0,2
2.97906,0.0137634,25.0,5.0,2
2.9808,-0.946472,25.0,0.0,2
2.98367,-0.539825,25.0,2.0,2
2.98596,0.220612,25.0,6.0,2
2.98901,0.431091,25.0,7.0,2
2.99033,0.747498,25.0,8.0,2
2.99329,-0.382599,25.0,3.0,2
2.99576,0.738739,25.0,8.0,2
2.99887,-0.678223,25.0,1.0,2
3.00092,0.371033,25.0,6.0,2
3.00455,-0.155701,25.0,4.0,2
3.00589,0.779358,25.0,8.0,2
3.00998,-0.895355,25.0,0.0,2
3.01294,-0.559235,25.0,2.0,2
3.01599,0.933167,25.0,9.0,2
3.01868,-0.436096,25.0,2.0,2
3.02548,-0.586945,25.0,1.0,2
3.02826,-0.673523,25.0,1.0,2
3.03024,-0.356506,25.0,3.0,2
3.03531,0.822601,25.0,9.0,2
3.03925,-0.544922,25.0,2.0,2
3.04364,-0.490143,25.0,2.0,2
3.04602,0.493958,25.0,7.0,2
3.04761,-0.068573,25.0,4.0,2
3.04971,-0.0145264,25.0,4.0,2
3.05396,-0.120453,25.0,4.0,2
3.05743,-0.457092,25.0,2.0,2
3.05875,0.610321,25.0,8.0,2
3.06168,0.814545,25.0,9.0,2
3.06763,0.712799,25.0,8.0,2
3.07077,-0.0324097,25.0,4.0,2
3.07281,-0.235535,25.0,3.0,2
3.07443,-0.292145,25.0,3.0,2
3.07974,0.165344,25.0,5.0,2
3.08524,0.163055,25.0,5.0,2
3.08661,-0.311707,25.0,3.0,2
3.08749,-0.458557,25.0,2.0,2
3.09381,0.358978,25.0,6.0,2
3.09811,-0.598083,25.0,1.0,2
3.10007,0.384277,25.0,6.0,2
3.10239,0.822235,25.0,9.0,2
3.10626,-0.548706,25.0,2.0,2
3.11032,0.0556335,25.0,5.0,2
3.11185,0.350525,25.0,6.0,2
3.11728,0.798615,25.0,9.0,2
3.11844,0.456482,25.0,7.0,2
3.12057,0.491852,25.0,7.0,2
3.12723,-0.500946,25.0,2.0,2
3.13058,0.763672,25.0,8.0,2
3.13449,-0.206512,25.0,3.0,2
3.13641,0.434021,25.0,7.0,2
3.14218,-0.763763,25.0,1.0,2
3.14899,-0.65036,25.0,1.0,2
3.15115,0.270172,25.0,6.0,2
3.15399,-0.278412,26.0,3.0,2
3.15457,0.612427,26.0,8.0,2
3.15753,-0.426178,26.0,2.0,2
3.15942,0.138214,26.0,5.0,2
3.16125,-0.675934,26.0,1.0,2
3.1716,0.67337,26.0,8.0,2
3.17664,0.0755005,26.0,5.0,2
3.18048,-0.604767,26.0,1.0,2
3.18756,0.544708,26.0,7.0,2
3.19,0.777618,26.0,8.0,2
3.19876,-0.680298,26.0,1.0,2
3.20206,-0.737396,26.0,1.0,2
3.21487,-0.369385,26.0,3.0,2
3.21985,0.347504,26.0,6.0,2
3.22232,0.7276,26.0,8.0,2
3.22562,-0.718597,26.0,1.0,2
3.23056,0.748138,26.0,8.0,2
3.2327,0.122192,26.0,5.0,2
3.23462,0.524323,26.0,7.0,2
3.23734,0.717255,26.0,8.0,2
3.24307,-0.411346,26.0,2.0,2
3.24435,-0.324493,26.0,3.0,2
3.24692,0.334259,26.0,6.0,2
3.25131,0.726898,26.0,8.0,2
3.25693,0.360413,26.0,6.0,2
3.25861,-0.693146,26.0,1.0,2
3.2619,0.351166,26.0,6.0,2
3.26447,-0.603943,26.0,1.0,2
3.26501,-0.147186,26.0,4.0,2
3.26624,0.0339355,26.0,5.0,2
3.27014,0.499084,26.0,7.0,2
3.2717,-0.621552,26.0,1.0,2
3.27347,0.528503,26.0,7.0,2
3.27777,0.152313,26.0,5.0,2
3.28333,-0.501434,26.0,2.0,2
3.28769,-0.280609,26.0,3.0,2
3.28922,-0.339417,26.0,3.0,2
3.2959,0.134979,26.0,5.0,2
3.29633,-0.030365,26.0,4.0,2
3.30093,0.0595398,26.0,5.0,2
3.30658,-0.479645,26.0,2.0,2
3.31137,0.389252,26.0,6.0,2
3.31741,0.48642,26.0,7.0,2
3.32153,0.654602,26.0,8.0,2
3.32693,0.153931,26.0,5.0,2
3.32919,0.0820007,26.0,5.0,2
3.332,0.408051,26.0,7.0,2
3.33798,0.151215,26.0,5.0,2
3.34775,-0.640961,26.0,1.0,2
3.34933,0.544098,27.0,7.0,2
3.3533,-0.479828,27.0,2.0,2
3.35666,-0.602295,27.0,1.0,2
3.3605,0.598236,27.0,7.0,2
3.36368,-0.32901,27.0,3.0,2
3.36963,-0.54657,27.0,2.0,2
3.37216,-0.165497,27.0,4.0,2
3.37738,0.409119,27.0,7.0,2
3.38049,-0.346313,27.0,3.0,2
3.38693,0.423767,27.0,7.0,2
3.38907,0.450378,27.0,7.0,2
3.39676,-0.439636,27.0,2.0,2
3.40265,-0.297852,27.0,3.0,2
3.40353,0.191589,27.0,5.0,2
3.40561,-0.276794,27.0,3.0,2
3.40683,-0.572144,27.0,2.0,2
3.41605,-0.0525513,27.0,4.0,2
3.42078,0.350586,27.0,6.0,2
3.42383,0.229065,27.0,6.0,2
3.42749,0.00424194,27.0,4.0,2
3.43936,0.127319,27.0,5.0,2
3.4451,-0.496277,27.0,2.0,2
3.45013,-0.0566406,27.0,4.0,2
3.45911,0.484161,27.0,7.0,2
3.474,0.38681,27.0,6.0,2
3.47787,-0.129852,27.0,4.0,2
3.47946,-0.00546265,27.0,4.0,2
3.48279,0.48996,27.0,7.0,2
3.4863,0.486206,27.0,7.0,2
3.49957,0.101379,27.0,5.0,2
3.50613,-0.394775,27.0,2.0,2
3.51175,-0.28717,27.0,3.0,2
3.52103,0.287811,27.0,6.0,2
3.52444,0.0290527,27.0,5.0,2
3.5271,0.0439453,27.0,5.0,2
3.52866,0.427521,27.0,7.0,2
3.53918,-0.0939026,27.0,4.0,2
3.54218,-0.0062561,27.0,4.0,2
3.5448,-0.347443,27.0,3.0,2
3.55627,-0.144684,28.0,4.0,2
3.56598,0.38916,28.0,6.0,2
3.5708,0.136505,28.0,5.0,2
3.58566,-0.0426331,28.0,4.0,2
3.58865,-0.224548,28.0,3.0,2
3.59561,-0.289886,28.0,3.0,2
3.60492,0.215271,28.0,6.0,2
3.61404,0.306366,28.0,6.0,2
3.62933,-0.057312,28.0,4.0,2
3.63083,-0.065918,28.0,4.0,2
3.64154,0.18985,28.0,5.0,2
3.65033,0.052124,28.0,5.0,2
3.65396,-0.204346,28.0,3.0,2
3.66513,-0.0629883,28.0,4.0,2
3.67136,0.0726318,28.0,5.0,2
3.68698,0.00180054,28.0,4.0,2
3.69879,-0.231598,28.0,3.0,2
3.70825,0.162201,28.0,5.0,2
3.72067,0.00872803,28.0,4.0,2
3.72763,0.0240173,28.0,5.0,2
3.73965,0.0938721,28.0,5.0,2
3.7464,-0.0191345,29.0,4.0,2
3.7493,0.0215149,29.0,5.0,2
3.75403,-0.0637207,29.0,4.0,2
3.77179,0.0154419,29.0,5.0,2
3.78943,-0.0479126,29.0,4.0,2
3.81622,-0.0239563,29.0,4.0,2
3.82578,-0.14856,29.0,4.0,2
3.84033,0.0152283,29.0,5.0,2
3.85938,-0.122925,29.0,4.0,2
3.88324,-0.0414734,29.0,4.0,2
3.89261,-0.063324,29.0,4.0,2
3.94199,0.0240784,29.0,5.0,2
-1.93231,2.05688,0.0,15.0,3
-1.90518,2.009,0.0,15.0,3
-1.88153,1.94046,0.0,14.0,3
-1.86761,1.92023,0.0,14.0,3
-1.85272,2.10648,0.0,15.0,3
-1.83911,2.00101,0.0,15.0,3
-1.7999,2.19858,0.0,16.0,3
-1.78265,2.21329,1.0,16.0,3
-1.77502,2.00275,1.0,15.0,3
-1.75934,2.04181,1.0,15.0,3
-1.73984,1.80817,1.0,14.0,3
-1.72427,2.09909,1.0,15.0,3
-1.72137,1.82779,1.0,14.0,3
-1.71008,1.88257,1.0,14.0,3
-1.69571,1.8363,1.0,14.0,3
-1.68637,1.87103,1.0,14.0,3
-1.67737,2.28848,1.0,16.0,3
-1.67133,2.30392,1.0,16.0,3
-1.66821,1.94101,1.0,14.0,3
-1.65323,2.02115,1.0,15.0,3
-1.638,2.2608,1.0,16.0,3
-1.62967,1.65765,1.0,13.0,3
-1.62424,2.1701,1.0,15.0,3
-1.60574,1.8114,1.0,14.0,3
-1.59955,2.06055,1.0,15.0,3
-1.59415,2.29919,1.0,16.0,3
-1.58881,2.39233,2.0,17.0,3
-1.58514,1.84055,2.0,14.0,3
-1.58054,1.93057,2.0,14.0,3
-1.5737,1.99783,2.0,15.0,3
-1.57159,1.6824,2.0,13.0,3
-1.56454,1.57214,2.0,12.0,3
-1.55038,1.5929,2.0,13.0,3
-1.54828,2.05545,2.0,15.0,3
-1.54092,1.64651,2.0,13.0,3
-1.53262,1.71887,2.0,13.0,3
-1.53027,1.68292,2.0,13.0,3
-1.51788,1.99048,2.0,15.0,3
-1.51538,1.8457,2.0,14.0,3
-1.50912,1.6058,2.0,13.0,3
-1.50653,1.58188,2.0,12.0,3
-1.49503,2.39099,2.0,17.0,3
-1.48654,1.6199,2.0,13.0,3
-1.48071,2.11398,2.0,15.0,3
-1.47455,2.37515,2.0,17.0,3
-1.47293,1.68576,2.0,13.0,3
-1.47055,1.51404,2.0,12.0,3
-1.46542,1.51028,2.0,12.0,3
-1.45731,1.86404,2.0,14.0,3
-1.45291,1.83685,2.0,14.0,3
-1.44852,1.50958,2.0,12.0,3
-1.44302,1.47629,2.0,12.0,3
-1.43936,1.48929,2.0,12.0,3
-1.43219,1.54187,2.0,12.0,3
-1.431,2.18814,2.0,16.0,3
-1.42657,1.60938,2.0,13.0,3
-1.42151,2.48254,2.0,17.0,3
-1.41852,1.8111,2.0,14.0,3
-1.41235,1.84836,2.0,14.0,3
-1.40887,1.6337,2.0,13.0,3
-1.40222,2.34082,2.0,16.0,3
-1.39685,1.6467,2.0,13.0,3
-1.38885,2.04858,3.0,15.0,3
-1.38577,1.52826,3.0,12.0,3
-1.38177,1.73004,3.0,13.0,3
-1.37192,1.67947,3.0,13.0,3
-1.36615,1.8345,3.0,14.0,3
-1.36203,2.18109,3.0,16.0,3
-1.35809,1.85056,3.0,14.0,3
-1.35205,1.50137,3.0,12.0,3
-1.3457,1.97635,3.0,14.0,3
-1.33948,2.22568,3.0,16.0,3
-1.33527,2.34802,3.0,16.0,3
-1.33145,2.48105,3.0,17.0,3
-1.32724,2.62027,3.0,18.0,3
-1.32339,1.80786,3.0,14.0,3
-1.31711,1.57184,3.0,12.0,3
-1.30859,1.57455,3.0,12.0,3
-1.30188,2.21515,3.0,16.0,3
-1.29965,2.52585,3.0,17.0,3
-1.29474,2.12704,3.0,15.0,3
-1.29004,1.56985,3.0,12.0,3
-1.28903,2.49606,3.0,17.0,3
-1.28204,2.44705,3.0,17.0,3
-1.27554,1.77289,3.0,13.0,3
-1.2626,2.72552,3.0,18.0,3
-1.25943,2.12665,3.0,15.0,3
-1.25473,1.56488,3.0,12.0,3
-1.24942,2.65216,3.0,18.0,3
-1.24545,2.39194,3.0,17.0,3
-1.24493,1.95157,3.0,14.0,3
-1.23962,2.02783,3.0,15.0,3
-1.23746,1.35693,3.0,11.0,3
-1.23288,2.37238,3.0,17.0,3
-1.22629,2.49457,3.0,17.0,3
-1.22336,1.48874,3.0,12.0,3
-1.22122,1.69821,3.0,13.0,3
-1.21933,1.62869,3.0,13.0,3
-1.21609,2.38919,3.0,17.0,3
-1.21219,1.27737,3.0,11.0,3
-1.20898,1.79559,3.0,14.0,3
-1.20444,1.50153,3.0,12.0,3
-1.20148,2.20203,3.0,16.0,3
-1.19656,2.6908,3.0,18.0,3
-1.19067,2.34515,4.0,16.0,3
-1.18658,2.45279,4.0,17.0,3
-1.18286,1.93405,4.0,14.0,3
-1.18091,2.42419,4.0,17.0,3
-1.18042,2.20667,4.0,16.0,3
-1.17651,2.57343,4.0,18.0,3
-1.16931,1.79968,4.0,14.0,3
-1.16806,1.23145,4.0,11.0,3
-1.16318,1.55911,4.0,12.0,3
-1.15622,2.01114,4.0,15.0,3
-1.15216,2.28735,4.0,16.0,3
-1.15063,2.65219,4.0,18.0,3
-1.14862,2.43289,4.0,17.0,3
-1.14557,2.06973,4.0,15.0,3
-1.14322,2.32407,4.0,16.0,3
-1.14059,1.82507,4.0,14.0,3
-1.13736,1.88669,4.0,14.0,3
-1.13263,2.582,4.0,18.0,3
-1.12817,2.54031,4.0,17.0,3
-1.1214,2.66574,4.0,18.0,3
-1.11954,1.35843,4.0,11.0,3
-1.11313,1.79922,4.0,14.0,3
-1.11172,1.22986,4.0,11.0,3
-1.10895,1.7196,4.0,13.0,3
-1.10507,1.8999,4.0,14.0,3
-1.09399,1.33704,4.0,11.0,3
-1.08908,1.43921,4.0,12.0,3
-1.08633,1.2366,4.0,11.0,3
-1.08289,2.83868,4.0,19.0,3
-1.0795,2.08481,4.0,15.0,3
-1.07889,2.79538,4.0,19.0,3
-1.07648,2.68683,4.0,18.0,3
-1.06384,2.70099,4.0,18.0,3
-1.06293,1.75659,4.0,13.0,3
-1.05896,1.61542,4.0,13.0,3
-1.05725,2.20807,4.0,16.0,3
-1.05338,2.54083,4.0,17.0,3
-1.04941,2.60687,4.0,18.0,3
-1.04828,2.48746,4.0,17.0,3
-1.04376,1.26062,4.0,11.0,3
-1.04172,2.42773,4.0,17.0,3
-1.04001,1.99774,4.0,15.0,3
-1.03702,1.22577,4.0,11.0,3
-1.03372,2.92981,4.0,19.0,3
-1.02942,2.16196,4.0,15.0,3
-1.02716,1.06186,4.0,10.0,3
-1.02344,1.09222,4.0,10.0,3
-1.02271,1.33392,4.0,11.0,3
-1.02032,2.05518,4.0,15.0,3
-1.01859,2.41794,4.0,17.0,3
-1.01749,2.53476,4.0,17.0,3
-1.01566,1.50214,4.0,12.0,3
-1.00848,2.47766,4.0,17.0,3
-1.00531,2.09509,4.0,15.0,3
-0.99942,1.67645,4.0,13.0,3
-0.996887,2.58102,5.0,18.0,3
-0.995117,1.31046,5.0,11.0,3
-0.988586,1.69122,5.0,13.0,3
-0.983612,2.97116,5.0,20.0,3
-0.982452,2.61359,5.0,18.0,3
-0.981293,2.28003,5.0,16.0,3
-0.979431,2.31299,5.0,16.0,3
-0.977814,2.17334,5.0,15.0,3
-0.970306,1.10837,5.0,10.0,3
-0.964844,2.12823,5.0,15.0,3
-0.963837,1.79843,5.0,14.0,3
-0.962738,1.10635,5.0,10.0,3
-0.95639,1.81512,5.0,14.0,3
-0.953705,1.99649,5.0,15.0,3
-0.951569,2.4512,5.0,17.0,3
-0.945313,1.16666,5.0,10.0,3
-0.939941,2.41327,5.0,17.0,3
-0.934998,1.70398,5.0,13.0,3
-0.933167,2.62225,5.0,18.0,3
-0.924866,2.58084,5.0,18.0,3
-0.922394,1.23865,5.0,11.0,3
-0.921722,2.65118,5.0,18.0,3
-0.918884,2.34668,5.0,16.0,3
-0.916687,2.4686,5.0,17.0,3
-0.91449,2.54422,5.0,17.0,3
-0.912994,1.87717,5.0,14.0,3
-0.908875,2.117,5.0,15.0,3
-0.905273,2.87112,5.0,19.0,3
-0.902527,1.35944,5.0,11.0,3
-0.902008,2.30267,5.0,16.0,3
-0.899597,1.31812,5.0,11.0,3
-0.896606,1.5083,5.0,12.0,3
-0.893097,1.47214,5.0,12.0,3
-0.889618,1.94409,5.0,14.0,3
-0.886475,2.31436,5.0,16.0,3
-0.88031,1.1763,5.0,10.0,3
-0.874756,1.22842,5.0,11.0,3
-0.871979,1.14838,5.0,10.0,3
-0.863892,1.87018,5.0,14.0,3
-0.860809,2.08353,5.0,15.0,3
-0.855835,2.57315,5.0,18.0,3
-0.85376,2.58228,5.0,18.0,3
-0.851044,1.54004,5.0,12.0,3
-0.849518,2.31415,5.0,16.0,3
-0.848175,2.39185,5.0,17.0,3
-0.845795,1.66077,5.0,13.0,3
-0.845062,1.59973,5.0,13.0,3
-0.842255,1.42807,5.0,12.0,3
-0.840027,1.90369,5.0,14.0,3
-0.838593,2.35593,5.0,16.0,3
-0.833282,2.63586,5.0,18.0,3
-0.831909,2.8194,5.0,19.0,3
-0.83017,2.3656,5.0,16.0,3
-0.825653,1.61288,5.0,13.0,3
-0.823639,1.24976,5.0,11.0,3
-0.822937,1.6076,5.0,13.0,3
-0.817963,2.23648,5.0,16.0,3
-0.814758,1.98148,5.0,15.0,3
-0.811951,2.37616,5.0,17.0,3
-0.811157,2.20868,5.0,16.0,3
-0.808594,1.84961,5.0,14.0,3
-0.802246,2.70557,5.0,18.0,3
-0.800537,2.0368,6.0,15.0,3
-0.797058,2.07294,6.0,15.0,3
-0.794128,1.6991,6.0,13.0,3
-0.790283,1.82886,6.0,14.0,3
-0.787506,1.67371,6.0,13.0,3
-0.78537,1.77838,6.0,13.0,3
-0.780334,2.34338,6.0,16.0,3
-0.779388,2.40213,6.0,17.0,3
-0.777771,1.77911,6.0,13.0,3
-0.776672,1.74136,6.0,13.0,3
-0.772827,2.48706,6.0,17.0,3
-0.769958,1.44272,6.0,12.0,3
-0.764771,2.54755,6.0,17.0,3
-0.760284,1.40082,6.0,12.0,3
-0.753021,2.53934,6.0,17.0,3
-0.750122,2.36432,6.0,16.0,3
-0.745422,1.94559,6.0,14.0,3
-0.742828,1.97717,6.0,15.0,3
-0.740631,2.25046,6.0,16.0,3
-0.736664,2.21231,6.0,16.0,3
-0.729828,2.34045,6.0,16.0,3
-0.727234,1.59097,6.0,13.0,3
-0.721588,2.02725,6.0,15.0,3
-0.719604,1.86606,6.0,14.0,3
-0.717773,1.69919,6.0,13.0,3
-0.715973,1.93118,6.0,14.0,3
-0.713013,1.29312,6.0,11.0,3
-0.708099,2.63278,6.0,18.0,3
-0.702972,1.69394,6.0,13.0,3
-0.700897,2.17633,6.0,16.0,3
-0.698975,1.36737,6.0,11.0,3
-0.693634,2.64679,6.0,18.0,3
-0.685394,2.29868,6.0,16.0,3
-0.680023,2.41211,6.0,17.0,3
-0.676575,2.60156,6.0,18.0,3
-0.671356,1.75348,6.0,13.0,3
-0.669617,1.51645,6.0,12.0,3
-0.668488,1.6795,6.0,13.0,3
-0.665771,1.89801,6.0,14.0,3
-0.663269,2.34152,6.0,16.0,3
-0.660919,1.44513,6.0,12.0,3
-0.65271,2.57986,6.0,18.0,3
-0.651123,1.48828,6.0,12.0,3
-0.647064,1.68301,6.0,13.0,3
-0.641846,2.45169,6.0,17.0,3
-0.637207,1.71317,6.0,13.0,3
-0.627136,1.75308,6.0,13.0,3
-0.621948,1.86032,6.0,14.0,3
-0.617889,1.52066,6.0,12.0,3
-0.616089,1.78156,6.0,14.0,3
-0.608063,2.53748,6.0,17.0,3
-0.604218,1.44385,6.0,12.0,3
-0.598663,1.48621,7.0,12.0,3
-0.593079,2.17416,7.0,16.0,3
-0.585846,2.41162,7.0,17.0,3
-0.579285,2.01501,7.0,15.0,3
-0.575409,1.62912,7.0,13.0,3
-0.571045,2.0018,7.0,15.0,3
-0.567841,2.29053,7.0,16.0,3
-0.566376,1.59747,7.0,13.0,3
-0.558533,1.69229,7.0,13.0,3
-0.555634,2.37976,7.0,17.0,3
-0.549835,2.2962,7.0,16.0,3
-0.542786,2.3046,7.0,16.0,3
-0.537781,1.88229,7.0,14.0,3
-0.531921,2.17551,7.0,16.0,3
-0.529541,1.77872,7.0,13.0,3
-0.52182,1.72003,7.0,13.0,3
-0.510406,2.40939,7.0,17.0,3
-0.507813,2.10477,7.0,15.0,3
-0.495209,1.57202,7.0,12.0,3
-0.484802,2.06616,7.0,15.0,3
-0.482056,2.08286,7.0,15.0,3
-0.475342,1.77625,7.0,13.0,3
-0.473175,2.15536,7.0,15.0,3
-0.463287,2.19543,7.0,16.0,3
-0.459564,1.5499,7.0,12.0,3
-0.455139,1.92926,7.0,14.0,3
-0.442139,1.85336,7.0,14.0,3
-0.440826,2.06454,7.0,15.0,3
-0.438293,2.3674,7.0,16.0,3
-0.433197,2.04492,7.0,15.0,3
-0.425476,2.28766,7.0,16.0,3
-0.41806,2.19403,7.0,16.0,3
-0.409271,1.60754,7.0,13.0,3
-0.402039,2.13235,8.0,15.0,3
-0.393921,1.83652,8.0,14.0,3
-0.392365,2.00961,8.0,15.0,3
-0.391357,1.68546,8.0,13.0,3
-0.380096,1.91913,8.0,14.0,3
-0.374023,1.72702,8.0,13.0,3
-0.36145,2.34616,8.0,16.0,3
-0.355469,2.21082,8.0,16.0,3
-0.343201,1.86374,8.0,14.0,3
-0.329559,2.18097,8.0,16.0,3
-0.31723,1.96301,8.0,14.0,3
-0.310486,1.84198,8.0,14.0,3
-0.302399,1.77579,8.0,13.0,3
-0.284698,1.87708,8.0,14.0,3
-0.280304,2.23764,8.0,16.0,3
-0.267639,2.0585,8.0,15.0,3
-0.252197,2.09048,8.0,15.0,3
-0.2435,2.09958,8.0,15.0,3
-0.220337,2.07513,8.0,15.0,3
-0.213654,2.20673,8.0,16.0,3
-0.194946,2.04202,9.0,15.0,3
-0.187531,1.86646,9.0,14.0,3
-0.176483,1.99268,9.0,15.0,3
-0.15741,1.97293,9.0,14.0,3
-0.150238,2.11682,9.0,15.0,3
-0.109222,1.97632,9.0,14.0,3
-0.0785522,2.01627,9.0,15.0,3
0.0498047,2.01563,10.0,15.0,4
0.07547,1.96558,10.0,14.0,4
0.0967102,2.06485,10.0,15.0,4
0.119232,1.97302,10.0,14.0,4
0.149628,1.99344,10.0,15.0,4
0.17981,2.11484,10.0,15.0,4
0.196259,1.85559,11.0,14.0,4
0.213837,2.15826,11.0,15.0,4
0.218811,1.83517,11.0,14.0,4
0.226868,2.1799,11.0,16.0,4
0.234589,2.21979,11.0,16.0,4
0.241577,2.22522,11.0,16.0,4
0.242554,1.90375,11.0,14.0,4
0.248047,2.19672,11.0,16.0,4
0.2612,2.10107,11.0,15.0,4
0.270782,1.9407,11.0,14.0,4
0.276642,2.1347,11.0,15.0,4
0.285065,1.85049,11.0,14.0,4
0.290863,2.13766,11.0,15.0,4
0.307037,2.21341,11.0,16.0,4
0.312317,2.25632,11.0,16.0,4
0.319977,1.94849,11.0,14.0,4
0.337524,2.24146,11.0,16.0,4
0.34433,1.93442,11.0,14.0,4
0.352966,1.81665,11.0,14.0,4
0.361908,2.26648,11.0,16.0,4
0.366821,2.2916,11.0,16.0,4
0.379395,2.03543,11.0,15.0,4
0.387726,1.82043,12.0,14.0,4
0.390594,1.78113,12.0,14.0,4
0.397675,1.73721,12.0,13.0,4
0.406433,1.6358,12.0,13.0,4
0.413727,2.17776,12.0,16.0,4
0.424194,1.92386,12.0,14.0,4
0.432343,1.90762,12.0,14.0,4
0.436035,1.64154,12.0,13.0,4
0.444122,2.10648,12.0,15.0,4
0.457611,1.88199,12.0,14.0,4
0.465698,1.97809,12.0,15.0,4
0.468506,1.71127,12.0,13.0,4
0.473846,1.76093,12.0,13.0,4
0.480408,1.90369,12.0,14.0,4
0.486755,2.13434,12.0,15.0,4
0.488098,1.94785,12.0,14.0,4
0.500946,1.89081,12.0,14.0,4
0.505005,2.47287,12.0,17.0,4
0.513245,2.47263,12.0,17.0,4
0.516327,1.69006,12.0,13.0,4
0.519989,1.51355,12.0,12.0,4
0.524292,2.27463,12.0,16.0,4
0.531616,2.1297,12.0,15.0,4
0.532532,2.4993,12.0,17.0,4
0.540009,2.18967,12.0,16.0,4
0.542816,1.63846,12.0,13.0,4
0.544922,1.63574,12.0,13.0,4
0.547302,2.3905,12.0,17.0,4
0.551758,2.24619,12.0,16.0,4
0.555664,1.87564,12.0,14.0,4
0.56311,2.38608,12.0,17.0,4
0.567932,1.87479,12.0,14.0,4
0.57959,1.96906,12.0,14.0,4
0.582703,2.36267,13.0,16.0,4
0.583313,2.32056,13.0,16.0,4
0.584229,2.47784,13.0,17.0,4
0.590302,1.67664,13.0,13.0,4
0.594025,2.11856,13.0,15.0,4
0.599731,2.21393,13.0,16.0,4
0.604675,2.39914,13.0,17.0,4
0.612091,2.01276,13.0,15.0,4
0.614624,1.54434,13.0,12.0,4
0.616302,1.83231,13.0,14.0,4
0.621307,1.51501,13.0,12.0,4
0.623962,1.8428,13.0,14.0,4
0.627686,1.4433,13.0,12.0,4
0.629608,2.30557,13.0,16.0,4
0.632263,2.40936,13.0,17.0,4
0.636444,1.69153,13.0,13.0,4
0.641815,2.25549,13.0,16.0,4
0.644257,2.49106,13.0,17.0,4
0.647827,2.58881,13.0,18.0,4
0.648773,2.40009,13.0,17.0,4
0.652649,2.24237,13.0,16.0,4
0.65332,1.67035,13.0,13.0,4
0.656311,1.87369,13.0,14.0,4
0.659698,1.69968,13.0,13.0,4
0.664032,1.86621,13.0,14.0,4
0.667694,1.44403,13.0,12.0,4
0.674042,2.1062,13.0,15.0,4
0.677429,2.37064,13.0,17.0,4
0.68396,2.13257,13.0,15.0,4
0.690063,2.11905,13.0,15.0,4
0.699677,1.78638,13.0,14.0,4
0.703491,2.66208,13.0,18.0,4
0.715515,2.65948,13.0,18.0,4
0.722198,1.79132,13.0,14.0,4
0.725708,1.91199,13.0,14.0,4
0.729767,2.08673,13.0,15.0,4
0.732513,1.50052,13.0,12.0,4
0.73468,1.41068,13.0,12.0,4
0.742401,2.06387,13.0,15.0,4
0.756866,1.50586,13.0,12.0,4
0.760895,1.30511,13.0,11.0,4
0.76297,1.84229,13.0,14.0,4
0.764435,2.314,13.0,16.0,4
0.766785,1.88754,13.0,14.0,4
0.771454,1.9472,13.0,14.0,4
0.777252,1.83698,13.0,14.0,4
0.779633,1.60602,13.0,13.0,4
0.786896,2.36261,14.0,16.0,4
0.790497,1.53693,14.0,12.0,4
0.794891,2.00064,14.0,15.0,4
0.796356,2.60468,14.0,18.0,4
0.806824,2.72598,14.0,18.0,4
0.810333,2.11389,14.0,15.0,4
0.811218,2.13998,14.0,15.0,4
0.813995,2.7764,14.0,19.0,4
0.816376,1.42538,14.0,12.0,4
0.820892,2.7233,14.0,18.0,4
0.826233,1.25299,14.0,11.0,4
0.82785,1.76834,14.0,13.0,4
0.83252,2.78571,14.0,19.0,4
0.841614,2.1275,14.0,15.0,4
0.84436,1.29156,14.0,11.0,4
0.850555,1.54596,14.0,12.0,4
0.857971,2.68817,14.0,18.0,4
0.86261,2.85135,14.0,19.0,4
0.864746,1.21802,14.0,11.0,4
0.867828,2.10562,14.0,15.0,4
0.873871,2.79004,14.0,19.0,4
0.87674,1.95322,14.0,14.0,4
0.879303,1.46719,14.0,12.0,4
0.882935,2.3389,14.0,16.0,4
0.884796,1.20697,14.0,11.0,4
0.890533,2.85565,14.0,19.0,4
0.893677,1.12601,14.0,10.0,4
0.897369,1.57867,14.0,12.0,4
0.899078,2.73566,14.0,18.0,4
0.902588,1.40256,14.0,12.0,4
0.905548,2.55405,14.0,17.0,4
0.910004,2.04425,14.0,15.0,4
0.914612,1.89005,14.0,14.0,4
0.918549,1.75778,14.0,13.0,4
0.920166,2.34967,14.0,16.0,4
0.924133,2.64761,14.0,18.0,4
0.928101,2.20978,14.0,16.0,4
0.930176,1.38589,14.0,11.0,4
0.935944,1.50919,14.0,12.0,4
0.938629,2.80194,14.0,19.0,4
0.944366,1.56985,14.0,12.0,4
0.947327,2.84259,14.0,19.0,4
0.952087,1.25964,14.0,11.0,4
0.953735,2.73212,14.0,18.0,4
0.959137,1.62881,14.0,13.0,4
0.961304,1.22244,14.0,11.0,4
0.964661,2.94904,14.0,19.0,4
0.97229,2.63315,14.0,18.0,4
0.974701,1.16119,14.0,10.0,4
0.976837,2.42847,14.0,17.0,4
0.978241,1.64038,15.0,13.0,4
0.978607,2.64182,15.0,18.0,4
0.983276,1.86719,15.0,14.0,4
0.987335,2.74646,15.0,18.0,4
0.991211,2.12164,15.0,15.0,4
0.995575,2.1405,15.0,15.0,4
0.99942,2.45764,15.0,17.0,4
1.0011,2.7247,15.0,18.0,4
1.00665,1.72437,15.0,13.0,4
1.01181,1.31787,15.0,11.0,4
1.01422,2.68039,15.0,18.0,4
1.01505,1.74924,15.0,13.0,4
1.0188,1.54608,15.0,12.0,4
1.01944,1.87228,15.0,14.0,4
1.02274,2.70798,15.0,18.0,4
1.02524,2.11072,15.0,15.0,4
1.02728,1.77829,15.0,13.0,4
1.03152,1.43063,15.0,12.0,4
1.03497,1.83707,15.0,14.0,4
1.04089,2.1532,15.0,15.0,4
1.04205,1.66162,15.0,13.0,4
1.04483,1.77875,15.0,13.0,4
1.04794,2.89334,15.0,19.0,4
1.05045,2.21967,15.0,16.0,4
1.05075,1.73294,15.0,13.0,4
1.05359,2.17255,15.0,15.0,4
1.05807,2.4856,15.0,17.0,4
1.06305,2.42496,15.0,17.0,4
1.06558,1.34528,15.0,11.0,4
1.06821,2.52658,15.0,17.0,4
1.06976,1.57889,15.0,12.0,4
1.07382,2.2666,15.0,16.0,4
1.07736,1.38477,15.0,11.0,4
1.07965,2.68549,15.0,18.0,4
1.08179,2.78842,15.0,19.0,4
1.08701,1.12036,15.0,10.0,4
1.08902,1.17276,15.0,10.0,4
1.09409,1.19925,15.0,11.0,4
1.09552,2.88324,15.0,19.0,4
1.10345,1.60687,15.0,13.0,4
1.10501,1.94421,15.0,14.0,4
1.10876,1.88174,15.0,14.0,4
1.11917,2.22131,15.0,16.0,4
1.12164,1.5784,15.0,12.0,4
1.12555,1.46365,15.0,12.0,4
1.12885,1.3085,15.0,11.0,4
1.13547,2.32892,15.0,16.0,4
1.14401,2.51874,15.0,17.0,4
1.14584,1.1799,15.0,10.0,4
1.14868,2.73602,15.0,18.0,4
1.15149,1.40915,15.0,12.0,4
1.1564,2.09967,15.0,15.0,4
1.16293,1.41537,15.0,12.0,4
1.16708,1.84311,15.0,14.0,4
1.17145,2.39813,15.0,17.0,4
1.17422,1.65451,15.0,13.0,4
1.17798,2.67172,16.0,18.0,4
1.18024,2.48166,16.0,17.0,4
1.18237,1.89236,16.0,14.0,4
1.18536,1.28271,16.0,11.0,4
1.1871,1.93979,16.0,14.0,4
1.19022,2.72491,16.0,18.0,4
1.19196,2.11636,16.0,15.0,4
1.19998,2.24448,16.0,16.0,4
1.203,1.95493,16.0,14.0,4
1.20691,2.41669,16.0,17.0,4
1.21017,1.79059,16.0,14.0,4
1.21292,2.25168,16.0,16.0,4
1.21637,1.32956,16.0,11.0,4
1.21964,1.26236,16.0,11.0,4
1.22681,2.06091,16.0,15.0,4
1.23032,2.36292,16.0,16.0,4
1.23398,1.48395,16.0,12.0,4
1.23428,1.31516,16.0,11.0,4
1.23746,1.48041,16.0,12.0,4
1.24292,1.88968,16.0,14.0,4
1.24515,1.44006,16.0,12.0,4
1.24576,1.69604,16.0,13.0,4
1.2475,2.7507,16.0,18.0,4
1.24884,1.34125,16.0,11.0,4
1.25128,2.65216,16.0,18.0,4
1.25912,1.79425,16.0,14.0,4
1.26474,2.23618,16.0,16.0,4
1.2688,1.55417,16.0,12.0,4
1.27496,1.28854,16.0,11.0,4
1.27838,1.7753,16.0,13.0,4
1.28265,1.78351,16.0,14.0,4
1.28549,1.39865,16.0,12.0,4
1.28662,1.81525,16.0,14.0,4
1.28952,1.6825,16.0,13.0,4
1.298,1.84341,16.0,14.0,4
1.30142,2.42227,16.0,17.0,4
1.30307,1.74374,16.0,13.0,4
1.30768,2.12805,16.0,15.0,4
1.31146,2.56543,16.0,17.0,4
1.31613,1.39706,16.0,12.0,4
1.3237,1.57587,16.0,12.0,4
1.33221,1.67941,16.0,13.0,4
1.34573,1.84424,16.0,14.0,4
1.34924,2.03104,16.0,15.0,4
1.35547,2.63284,16.0,18.0,4
1.36118,1.63284,16.0,13.0,4
1.37033,1.76379,16.0,13.0,4
1.37244,1.38937,16.0,12.0,4
1.37601,2.32922,17.0,16.0,4
1.37665,2.2789,17.0,16.0,4
1.3786,2.09503,17.0,15.0,4
1.38113,2.4678,17.0,17.0,4
1.38672,2.03894,17.0,15.0,4
1.38885,1.97885,17.0,15.0,4
1.39249,2.04135,17.0,15.0,4
1.39444,1.97327,17.0,14.0,4
1.40128,2.5007,17.0,17.0,4
1.40558,1.57877,17.0,12.0,4
1.4071,2.47723,17.0,17.0,4
1.41196,1.43253,17.0,12.0,4
1.42569,2.05725,17.0,15.0,4
1.42944,2.43845,17.0,17.0,4
1.43365,1.82431,17.0,14.0,4
1.43588,1.79889,17.0,14.0,4
1.43881,2.38235,17.0,17.0,4
1.4465,2.51273,17.0,17.0,4
1.4502,1.82932,17.0,14.0,4
1.45224,1.70197,17.0,13.0,4
1.45831,1.61929,17.0,13.0,4
1.45941,2.37091,17.0,17.0,4
1.46548,2.27289,17.0,16.0,4
1.4696,2.28732,17.0,16.0,4
1.47058,1.91858,17.0,14.0,4
1.47321,1.99161,17.0,15.0,4
1.47687,2.08157,17.0,15.0,4
1.47818,1.62796,17.0,13.0,4
1.4812,1.53873,17.0,12.0,4
1.48953,2.03027,17.0,15.0,4
1.49637,2.36279,17.0,16.0,4
1.49673,2.09805,17.0,15.0,4
1.4978,1.9917,17.0,15.0,4
1.49854,1.81308,17.0,14.0,4
1.51105,2.38922,17.0,17.0,4
1.52209,1.83853,17.0,14.0,4
1.52643,1.53937,17.0,12.0,4
1.52954,2.05023,17.0,15.0,4
1.53922,2.4418,17.0,17.0,4
1.53979,2.02747,17.0,15.0,4
1.55099,1.67908,17.0,13.0,4
1.56708,1.75351,17.0,13.0,4
1.56857,2.34061,17.0,16.0,4
1.57703,1.6449,18.0,13.0,4
1.58847,2.28378,18.0,16.0,4
1.59637,1.95422,18.0,14.0,4
1.60422,2.22235,18.0,16.0,4
1.61621,2.25272,18.0,16.0,4
1.62051,1.68796,18.0,13.0,4
1.62802,1.85583,18.0,14.0,4
1.6311,2.2012,18.0,16.0,4
1.64667,2.16736,18.0,15.0,4
1.65735,2.33206,18.0,16.0,4
1.66574,1.85709,18.0,14.0,4
1.66766,2.03305,18.0,15.0,4
1.67233,1.69717,18.0,13.0,4
1.68106,1.72302,18.0,13.0,4
1.69522,1.95154,18.0,14.0,4
1.69638,2.18243,18.0,16.0,4
1.71417,2.23691,18.0,16.0,4
1.72604,1.85678,18.0,14.0,4
1.73157,2.10828,18.0,15.0,4
1.74692,1.78223,18.0,14.0,4
1.75659,2.08804,18.0,15.0,4
1.76129,1.7829,18.0,14.0,4
1.78708,1.85797,19.0,14.0,4
1.79169,1.93298,19.0,14.0,4
1.80368,2.19223,19.0,16.0,4
1.83136,2.13458,19.0,15.0,4
1.85022,2.10358,19.0,15.0,4
1.88742,1.98291,19.0,15.0,4
1.97363,2.00342,20.0,15.0,4
2.08051,2.07288,20.0,15.0,5
2.12631,2.03818,20.0,15.0,5
2.13678,2.12567,20.0,15.0,5
2.14609,2.08231,20.0,15.0,5
2.16718,1.88608,21.0,14.0,5
2.20209,1.97421,21.0,14.0,5
2.21243,2.05444,21.0,15.0,5
2.21686,1.95367,21.0,14.0,5
2.23111,2.03116,21.0,15.0,5
2.24045,1.76459,21.0,13.0,5
2.24786,1.86081,21.0,14.0,5
2.26047,2.09396,21.0,15.0,5
2.27234,1.90063,21.0,14.0,5
2.29266,2.0405,21.0,15.0,5
2.29971,2.29544,21.0,16.0,5
2.30536,1.73196,21.0,13.0,5
2.30966,2.20422,21.0,16.0,5
2.31253,2.18457,21.0,16.0,5
2.34552,1.97803,21.0,15.0,5
2.34833,2.11533,21.0,15.0,5
2.35211,1.91727,21.0,14.0,5
2.35977,1.89926,21.0,14.0,5
2.37704,1.86072,22.0,14.0,5
2.39496,1.63565,22.0,13.0,5
2.39789,1.96722,22.0,14.0,5
2.40634,1.75452,22.0,13.0,5
2.41229,2.332,22.0,16.0,5
2.42398,1.67471,22.0,13.0,5
2.42566,2.06308,22.0,15.0,5
2.42856,1.89316,22.0,14.0,5
2.43216,2.40808,22.0,17.0,5
2.43634,1.64755,22.0,13.0,5
2.44736,2.19891,22.0,16.0,5
2.44931,1.81674,22.0,14.0,5
2.45566,2.25739,22.0,16.0,5
2.46338,1.83505,22.0,14.0,5
2.47003,2.13745,22.0,15.0,5
2.49081,1.63867,22.0,13.0,5
2.49597,2.45261,22.0,17.0,5
2.50433,2.20355,22.0,16.0,5
2.50674,2.27658,22.0,16.0,5
2.517,1.83606,22.0,14.0,5
2.53079,2.05582,22.0,15.0,5
2.53748,2.46936,22.0,17.0,5
2.54633,1.95776,22.0,14.0,5
2.54922,2.54803,22.0,17.0,5
2.55371,2.15991,22.0,15.0,5
2.56439,2.09027,23.0,15.0,5
2.57095,2.05215,23.0,15.0,5
2.57687,1.96835,23.0,14.0,5
2.58994,2.21454,23.0,16.0,5
2.59195,1.54279,23.0,12.0,5
2.59607,1.42657,23.0,12.0,5
2.5994,1.81088,23.0,14.0,5
2.608,2.09012,23.0,15.0,5
2.61414,2.56586,23.0,17.0,5
2.62115,1.5423,23.0,12.0,5
2.62866,1.81262,23.0,14.0,5
2.63065,2.56,23.0,17.0,5
2.63406,1.60068,23.0,13.0,5
2.63727,1.41281,23.0,12.0,5
2.64209,1.94485,23.0,14.0,5
2.64447,1.66971,23.0,13.0,5
2.6485,1.84897,23.0,14.0,5
2.65063,1.54749,23.0,12.0,5
2.65259,1.59027,23.0,13.0,5
2.65894,1.44745,23.0,12.0,5
2.66196,2.08856,23.0,15.0,5
2.66367,1.45935,23.0,12.0,5
2.66879,2.06796,23.0,15.0,5
2.67599,2.57193,23.0,18.0,5
2.67819,2.62231,23.0,18.0,5
2.67969,2.33859,23.0,16.0,5
2.68063,1.55148,23.0,12.0,5
2.68491,2.31653,23.0,16.0,5
2.68872,2.46362,23.0,17.0,5
2.69083,1.51233,23.0,12.0,5
2.69455,2.55502,23.0,17.0,5
2.6991,1.70511,23.0,13.0,5
2.70084,2.54617,23.0,17.0,5
2.70398,1.62527,23.0,13.0,5
2.70721,2.082,23.0,15.0,5
2.71283,2.39813,23.0,17.0,5
2.71442,2.37228,23.0,17.0,5
2.71851,2.69086,23.0,18.0,5
2.72104,1.97528,23.0,14.0,5
2.72272,1.87076,23.0,14.0,5
2.72525,1.35876,23.0,11.0,5
2.73077,2.68164,23.0,18.0,5
2.73373,2.44119,23.0,17.0,5
2.73807,1.32022,23.0,11.0,5
2.74542,2.10632,23.0,15.0,5
2.75104,2.14603,23.0,15.0,5
2.75513,1.92566,23.0,14.0,5
2.75638,1.92261,24.0,14.0,5
2.75839,2.48141,24.0,17.0,5
2.7644,1.6434,24.0,13.0,5
2.76685,1.76196,24.0,13.0,5
2.77206,2.06345,24.0,15.0,5
2.77481,1.86658,24.0,14.0,5
2.7775,1.77911,24.0,13.0,5
2.77924,2.34863,24.0,16.0,5
2.78134,2.7623,24.0,18.0,5
2.78436,2.59637,24.0,18.0,5
2.79172,2.46579,24.0,17.0,5
2.79282,2.25174,24.0,16.0,5
2.79926,1.4415,24.0,12.0,5
2.79971,2.76895,24.0,19.0,5
2.80173,1.34152,24.0,11.0,5
2.80847,1.44696,24.0,12.0,5
2.80887,2.37592,24.0,17.0,5
2.81119,2.39737,24.0,17.0,5
2.81555,1.33749,24.0,11.0,5
2.81763,1.69507,24.0,13.0,5
2.82346,1.91269,24.0,14.0,5
2.82623,2.63986,24.0,18.0,5
2.82709,1.28668,24.0,11.0,5
2.82855,1.75256,24.0,13.0,5
2.83426,2.52164,24.0,17.0,5
2.84146,1.62427,24.0,13.0,5
2.84875,2.45218,24.0,17.0,5
2.85107,2.63165,24.0,18.0,5
2.85413,1.64307,24.0,13.0,5
2.85626,2.85052,24.0,19.0,5
2.85983,2.37909,24.0,17.0,5
2.86145,1.53748,24.0,12.0,5
2.86493,2.41849,24.0,17.0,5
2.8671,2.12442,24.0,15.0,5
2.87418,2.46793,24.0,17.0,5
2.87735,2.42197,24.0,17.0,5
2.87964,1.73154,24.0,13.0,5
2.88052,1.2052,24.0,11.0,5
2.88205,1.65347,24.0,13.0,5
2.88531,1.19986,24.0,11.0,5
2.88782,2.38373,24.0,17.0,5
2.89001,1.2749,24.0,11.0,5
2.89502,1.93448,24.0,14.0,5
2.89795,2.33572,24.0,16.0,5
2.90332,2.88205,24.0,19.0,5
2.90741,2.17593,24.0,16.0,5
2.90942,2.724,24.0,18.0,5
2.91183,1.42346,24.0,12.0,5
2.91565,2.25543,24.0,16.0,5
2.91861,1.80734,24.0,14.0,5
2.92108,2.65094,24.0,18.0,5
2.92419,2.75955,24.0,18.0,5
2.93088,2.09436,24.0,15.0,5
2.93704,2.71921,24.0,18.0,5
2.94171,1.31122,24.0,11.0,5
2.94427,1.36105,24.0,11.0,5
2.94745,2.70377,24.0,18.0,5
2.94946,2.16382,24.0,15.0,5
2.95361,2.17462,24.0,16.0,5
2.95758,1.63968,25.0,13.0,5
2.95944,2.25626,25.0,16.0,5
2.961,2.03885,25.0,15.0,5
2.96613,2.32782,25.0,16.0,5
2.9678,1.57446,25.0,12.0,5
2.97046,2.18643,25.0,16.0,5
2.97379,2.84265,25.0,19.0,5
2.97696,1.51141,25.0,12.0,5
2.98004,2.7735,25.0,19.0,5
2.98083,1.30136,25.0,11.0,5
2.98282,2.58005,25.0,18.0,5
2.98523,1.92081,25.0,14.0,5
2.98697,2.49792,25.0,17.0,5
2.98883,1.24069,25.0,11.0,5
2.99283,2.40121,25.0,17.0,5
2.99484,2.42133,25.0,17.0,5
2.99863,1.8591,25.0,14.0,5
3.00385,1.47449,25.0,12.0,5
3.00696,1.39435,25.0,12.0,5
3.0094,2.68738,25.0,18.0,5
3.01105,1.84149,25.0,14.0,5
3.01205,2.198,25.0,16.0,5
3.01743,1.47104,25.0,12.0,5
3.02087,1.09155,25.0,10.0,5
3.0224,2.32632,25.0,16.0,5
3.02328,2.32111,25.0,16.0,5
3.02411,2.88953,25.0,19.0,5
3.0264,1.26935,25.0,11.0,5
3.03076,2.07434,25.0,15.0,5
3.03238,2.86264,25.0,19.0,5
3.03647,2.70499,25.0,18.0,5
3.03912,2.19061,25.0,16.0,5
3.04593,2.13562,25.0,15.0,5
3.04877,1.33902,25.0,11.0,5
3.05072,1.17465,25.0,10.0,5
3.05655,2.07593,25.0,15.0,5
3.06744,1.96967,25.0,14.0,5
3.07144,1.65613,25.0,13.0,5
3.07581,1.20181,25.0,11.0,5
3.07742,1.19644,25.0,11.0,5
3.08032,2.88486,25.0,19.0,5
3.08218,2.06015,25.0,15.0,5
3.08316,2.54797,25.0,17.0,5
3.08521,1.75708,25.0,13.0,5
3.08835,2.40158,25.0,17.0,5
3.0932,2.3255,25.0,16.0,5
3.09586,1.23459,25.0,11.0,5
3.09723,2.66397,25.0,18.0,5
3.10355,1.57327,25.0,12.0,5
3.10684,1.77908,25.0,13.0,5
3.11163,1.19577,25.0,11.0,5
3.11441,1.94153,25.0,14.0,5
3.12079,2.04791,25.0,15.0,5
3.12311,2.45999,25.0,17.0,5
3.12735,2.63947,25.0,18.0,5
3.13083,1.76965,25.0,13.0,5
3.13138,1.26459,25.0,11.0,5
3.1333,1.47659,25.0,12.0,5
3.13419,2.43005,25.0,17.0,5
3.13696,2.1459,25.0,15.0,5
3.14136,1.65723,25.0,13.0,5
3.14392,1.29086,25.0,11.0,5
3.14929,2.064,25.0,15.0,5
3.15491,2.62646,26.0,18.0,5
3.15811,2.58032,26.0,18.0,5
3.16385,2.1109,26.0,15.0,5
3.16599,1.29443,26.0,11.0,5
3.16776,1.22086,26.0,11.0,5
3.16846,1.83691,26.0,14.0,5
3.17105,2.81357,26.0,19.0,5
3.17389,2.00592,26.0,15.0,5
3.17877,1.957,26.0,14.0,5
3.18137,1.79501,26.0,14.0,5
3.18256,2.54654,26.0,17.0,5
3.1875,1.6377,26.0,13.0,5
3.18976,1.45212,26.0,12.0,5
3.19608,2.04047,26.0,15.0,5
3.20227,2.27914,26.0,16.0,5
3.20422,1.96429,26.0,14.0,5
3.20563,1.54437,26.0,12.0,5
3.21078,1.71762,26.0,13.0,5
3.2131,1.26306,26.0,11.0,5
3.21835,1.35565,26.0,11.0,5
3.22195,1.80038,26.0,14.0,5
3.22311,2.73428,26.0,18.0,5
3.22617,1.4519,26.0,12.0,5
3.22861,1.95343,26.0,14.0,5
3.23581,1.49716,26.0,12.0,5
3.23874,2.2663,26.0,16.0,5
3.24231,2.62048,26.0,18.0,5
3.24594,1.61954,26.0,13.0,5
3.24969,1.35989,26.0,11.0,5
3.2536,2.44592,26.0,17.0,5
3.25418,2.6011,26.0,18.0,5
3.25754,2.5784,26.0,18.0,5
3.26321,2.194,26.0,16.0,5
3.26666,1.34439,26.0,11.0,5
3.26773,2.60007,26.0,18.0,5
3.27057,2.29419,26.0,16.0,5
3.27527,1.83249,26.0,14.0,5
3.27954,1.36417,26.0,11.0,5
3.28699,2.27759,26.0,16.0,5
3.29712,2.63467,26.0,18.0,5
3.30301,1.60641,26.0,13.0,5
3.30719,2.39944,26.0,17.0,5
3.31085,2.26004,26.0,16.0,5
3.31464,1.41522,26.0,12.0,5
3.31793,2.4794,26.0,17.0,5
3.3222,2.12479,26.0,15.0,5
3.3259,2.40936,26.0,17.0,5
3.32886,1.89935,26.0,14.0,5
3.33429,1.48233,26.0,12.0,5
3.33588,1.58374,26.0,13.0,5
3.34055,1.5762,26.0,12.0,5
3.34399,2.08392,26.0,15.0,5
3.34711,2.03406,26.0,15.0,5
3.35147,2.26361,27.0,16.0,5
3.35477,1.52029,27.0,12.0,5
3.35745,2.25208,27.0,16.0,5
3.3663,1.78552,27.0,14.0,5
3.36682,1.99854,27.0,15.0,5
3.37466,1.43594,27.0,12.0,5
3.37692,2.43002,27.0,17.0,5
3.38132,1.44839,27.0,12.0,5
3.38739,2.28635,27.0,16.0,5
3.39316,1.8114,27.0,14.0,5
3.39801,1.84586,27.0,14.0,5
3.40479,2.0069,27.0,15.0,5
3.4119,1.42624,27.0,12.0,5
3.41449,2.42435,27.0,17.0,5
3.41516,1.98715,27.0,15.0,5
3.4191,1.92853,27.0,14.0,5
3.43216,1.80518,27.0,14.0,5
3.44815,1.78436,27.0,14.0,5
3.45438,2.33969,27.0,16.0,5
3.45657,1.47473,27.0,12.0,5
3.46252,1.72556,27.0,13.0,5
3.46732,1.59048,27.0,13.0,5
3.46982,1.6813,27.0,13.0,5
3.47385,1.92932,27.0,14.0,5
3.49091,1.66876,27.0,13.0,5
3.49554,2.31009,27.0,16.0,5
3.49622,1.85815,27.0,14.0,5
3.50247,1.89487,27.0,14.0,5
3.51593,1.90283,27.0,14.0,5
3.52621,2.33618,27.0,16.0,5
3.52762,1.59692,27.0,13.0,5
3.54263,1.74579,27.0,13.0,5
3.55145,1.67621,28.0,13.0,5
3.56015,2.40253,28.0,17.0,5
3.56989,2.10098,28.0,15.0,5
3.57733,1.86804,28.0,14.0,5
3.58649,1.98285,28.0,15.0,5
3.58981,2.13232,28.0,15.0,5
3.59628,1.67398,28.0,13.0,5
3.59805,1.95706,28.0,14.0,5
3.60922,1.8978,28.0,14.0,5
3.62021,1.92978,28.0,14.0,5
3.62399,1.80493,28.0,14.0,5
3.62561,1.75723,28.0,13.0,5
3.63898,1.94696,28.0,14.0,5
3.65802,2.29364,28.0,16.0,5
3.6752,2.06989,28.0,15.0,5
3.6806,1.68863,28.0,13.0,5
3.6864,2.00787,28.0,15.0,5
3.69318,1.96558,28.0,14.0,5
3.70163,1.82159,28.0,14.0,5
3.71313,1.8793,28.0,14.0,5
3.71497,2.26001,28.0,16.0,5
3.72678,2.10449,28.0,15.0,5
3.73892,2.10092,28.0,15.0,5
3.74979,1.90497,29.0,14.0,5
3.76236,2.20676,29.0,16.0,5
3.7858,1.93524,29.0,14.0,5
3.81601,2.03711,29.0,15.0,5
3.82367,2.05148,29.0,15.0,5
3.83133,2.0611,29.0,15.0,5
3.8692,2.05157,29.0,15.0,5
3.89252,1.90277,29.0,14.0,5
3.91681,2.05954,29.0,15.0,5
-1.93716,4.00568,0.0,25.0,6
-1.91208,3.92288,0.0,24.0,6
-1.8916,4.03107,0.0,25.0,6
-1.86368,4.03214,0.0,25.0,6
-1.8309,4.12003,0.0,25.0,6
-1.80826,3.94485,0.0,25.0,6
-1.79886,4.03201,0.0,25.0,6
-1.78427,4.19528,1.0,26.0,6
-1.76816,4.12051,1.0,25.0,6
-1.75714,3.84512,1.0,24.0,6
-1.75476,4.12378,1.0,25.0,6
-1.74869,3.83783,1.0,24.0,6
-1.74258,3.82544,1.0,24.0,6
-1.73029,4.1568,1.0,26.0,6
-1.72473,4.13089,1.0,25.0,6
-1.70978,4.02588,1.0,25.0,6
-1.66925,3.7688,1.0,24.0,6
-1.65714,4.03146,1.0,25.0,6
-1.65585,4.25748,1.0,26.0,6
-1.65021,3.75052,1.0,24.0,6
-1.64029,3.8992,1.0,24.0,6
-1.63577,3.66113,1.0,23.0,6
-1.62808,3.66614,1.0,23.0,6
-1.62021,3.77026,1.0,24.0,6
-1.61264,4.0434,1.0,25.0,6
-1.60876,4.18246,1.0,26.0,6
-1.60507,3.63626,1.0,23.0,6
-1.59464,3.85828,1.0,24.0,6
-1.58121,4.04358,2.0,25.0,6
-1.57144,4.23856,2.0,26.0,6
-1.55994,4.43195,2.0,27.0,6
-1.54971,3.99045,2.0,25.0,6
-1.54459,3.97098,2.0,25.0,6
-1.53189,4.17886,2.0,26.0,6
-1.52747,3.96231,2.0,25.0,6
-1.51993,4.36838,2.0,27.0,6
-1.51755,4.15887,2.0,26.0,6
-1.51346,4.07718,2.0,25.0,6
-1.50281,4.35059,2.0,27.0,6
-1.49753,3.74194,2.0,23.0,6
-1.49118,4.39777,2.0,27.0,6
-1.48499,3.98297,2.0,25.0,6
-1.48264,4.13516,2.0,25.0,6
-1.48044,3.85791,2.0,24.0,6
-1.47592,4.27701,2.0,26.0,6
-1.47345,4.4585,2.0,27.0,6
-1.46512,3.76663,2.0,24.0,6
-1.45819,4.24606,2.0,26.0,6
-1.45422,3.93137,2.0,24.0,6
-1.44986,3.88171,2.0,24.0,6
-1.4411,3.49606,2.0,22.0,6
-1.43759,3.97925,2.0,25.0,6
-1.43518,3.45157,2.0,22.0,6
-1.4252,4.24118,2.0,26.0,6
-1.42209,3.4938,2.0,22.0,6
-1.41507,3.9664,2.0,25.0,6
-1.41391,3.85895,2.0,24.0,6
-1.40424,4.05252,2.0,25.0,6
-1.40009,3.43027,2.0,22.0,6
-1.38983,3.60193,3.0,23.0,6
-1.38812,4.09888,3.0,25.0,6
-1.38052,3.67798,3.0,23.0,6
-1.37323,4.11621,3.0,25.0,6
-1.37051,4.29428,3.0,26.0,6
-1.36404,3.75333,3.0,24.0,6
-1.35995,4.30975,3.0,26.0,6
-1.35199,3.89795,3.0,24.0,6
-1.34375,3.82172,3.0,24.0,6
-1.34067,3.85062,3.0,24.0,6
-1.33646,3.59869,3.0,23.0,6
-1.33511,4.22617,3.0,26.0,6
-1.33133,4.51883,3.0,27.0,6
-1.327,4.62265,3.0,28.0,6
-1.32007,3.6824,3.0,23.0,6
-1.31705,4.00336,3.0,25.0,6
-1.31229,4.43109,3.0,27.0,6
-1.30774,4.59918,3.0,28.0,6
-1.30417,4.58472,3.0,28.0,6
-1.30048,4.37076,3.0,27.0,6
-1.29706,4.01746,3.0,25.0,6
-1.28867,4.35828,3.0,27.0,6
-1.28415,4.3327,3.0,26.0,6
-1.27817,4.59531,3.0,28.0,6
-1.27536,3.70526,3.0,23.0,6
-1.2739,3.30762,3.0,21.0,6
-1.26816,4.71918,3.0,28.0,6
-1.26648,3.8154,3.0,24.0,6
-1.26367,3.84341,3.0,24.0,6
-1.26169,4.24149,3.0,26.0,6
-1.25974,4.56906,3.0,28.0,6
-1.25803,3.34717,3.0,21.0,6
-1.25488,4.62271,3.0,28.0,6
-1.25424,3.41391,3.0,22.0,6
-1.24847,3.33289,3.0,21.0,6
-1.24161,3.34216,3.0,21.0,6
-1.23608,4.25186,3.0,26.0,6
-1.23492,3.34488,3.0,21.0,6
-1.2316,3.4856,3.0,22.0,6
-1.22635,4.32755,3.0,26.0,6
-1.22583,4.5387,3.0,28.0,6
-1.22537,4.56091,3.0,28.0,6
-1.22052,3.39728,3.0,22.0,6
-1.21762,3.62656,3.0,23.0,6
-1.21524,4.51346,3.0,27.0,6
-1.21158,3.88824,3.0,24.0,6
-1.21008,3.2262,3.0,21.0,6
-1.20651,4.33279,3.0,26.0,6
-1.2041,3.75058,3.0,24.0,6
-1.20029,4.03595,3.0,25.0,6
-1.19907,4.52066,3.0,27.0,6
-1.19699,3.36902,3.0,22.0,6
-1.19263,3.2439,4.0,21.0,6
-1.18744,3.86005,4.0,24.0,6
-1.1842,3.65869,4.0,23.0,6
-1.18356,4.44711,4.0,27.0,6
-1.18213,4.21411,4.0,26.0,6
-1.1796,4.69614,4.0,28.0,6
-1.16998,4.7326,4.0,29.0,6
-1.16425,3.54642,4.0,22.0,6
-1.15988,4.35052,4.0,27.0,6
-1.15863,3.70688,4.0,23.0,6
-1.15375,4.43063,4.0,27.0,6
-1.15128,4.54565,4.0,28.0,6
-1.1506,3.91678,4.0,24.0,6
-1.1489,3.35446,4.0,22.0,6
-1.14474,3.21637,4.0,21.0,6
-1.14322,4.09033,4.0,25.0,6
-1.1405,4.69623,4.0,28.0,6
-1.13666,4.08719,4.0,25.0,6
-1.1297,4.86465,4.0,29.0,6
-1.12717,3.55411,4.0,23.0,6
-1.12103,3.33636,4.0,21.0,6
-1.11597,3.33255,4.0,21.0,6
-1.11496,3.28769,4.0,21.0,6
-1.11276,3.8978,4.0,24.0,6
-1.10941,3.95364,4.0,25.0,6
-1.10443,3.25259,4.0,21.0,6
-1.10355,4.61301,4.0,28.0,6
-1.10251,4.56088,4.0,28.0,6
-1.09607,4.16669,4.0,26.0,6
-1.09323,4.84079,4.0,29.0,6
-1.08844,3.68112,4.0,23.0,6
-1.08206,3.97418,4.0,25.0,6
-1.07767,4.33752,4.0,26.0,6
-1.07245,4.87308,4.0,29.0,6
-1.06894,4.51733,4.0,27.0,6
-1.06628,4.68063,4.0,28.0,6
-1.06155,3.6676,4.0,23.0,6
-1.05707,3.11813,4.0,20.0,6
-1.05673,3.15582,4.0,20.0,6
-1.05212,3.42032,4.0,22.0,6
-1.04645,3.23642,4.0,21.0,6
-1.03918,4.0997,4.0,25.0,6
-1.03693,4.57831,4.0,28.0,6
-1.0365,3.67932,4.0,23.0,6
-1.03165,3.23599,4.0,21.0,6
-1.02933,3.48038,4.0,22.0,6
-1.02597,4.37521,4.0,27.0,6
-1.02463,4.82019,4.0,29.0,6
-1.01904,3.57507,4.0,23.0,6
-1.01346,4.84543,4.0,29.0,6
-1.01224,3.46912,4.0,22.0,6
-1.01126,3.70456,4.0,23.0,6
-1.00882,4.71552,4.0,28.0,6
-1.00153,4.59964,4.0,28.0,6
-1.00018,3.65262,4.0,23.0,6
-0.99707,4.40604,5.0,27.0,6
-0.994812,3.68506,5.0,23.0,6
-0.991272,4.56195,5.0,28.0,6
-0.990723,3.39612,5.0,22.0,6
-0.986694,4.67816,5.0,28.0,6
-0.984619,3.60764,5.0,23.0,6
-0.980774,4.44907,5.0,27.0,6
-0.978699,4.85193,5.0,29.0,6
-0.977875,4.37137,5.0,27.0,6
-0.974945,3.80917,5.0,24.0,6
-0.969055,4.81473,5.0,29.0,6
-0.966553,4.83807,5.0,29.0,6
-0.964386,3.43582,5.0,22.0,6
-0.962036,4.10193,5.0,25.0,6
-0.959961,3.31979,5.0,21.0,6
-0.955811,3.61572,5.0,23.0,6
-0.951935,3.92624,5.0,24.0,6
-0.950256,4.69232,5.0,28.0,6
-0.943695,3.11362,5.0,20.0,6
-0.934662,4.79431,5.0,29.0,6
-0.929871,3.26837,5.0,21.0,6
-0.928986,4.27811,5.0,26.0,6
-0.927002,4.16693,5.0,26.0,6
-0.924377,3.93552,5.0,24.0,6
-0.920532,3.9353,5.0,24.0,6
-0.916779,4.61771,5.0,28.0,6
-0.910797,4.08926,5.0,25.0,6
-0.907379,4.16061,5.0,26.0,6
-0.89978,3.35471,5.0,22.0,6
-0.897705,4.70502,5.0,28.0,6
-0.896423,4.35092,5.0,27.0,6
-0.894043,3.23837,5.0,21.0,6
-0.892944,3.51477,5.0,22.0,6
-0.8909,4.07986,5.0,25.0,6
-0.886658,4.24921,5.0,26.0,6
-0.879486,3.97018,5.0,25.0,6
-0.874329,4.53241,5.0,27.0,6
-0.870636,4.7189,5.0,28.0,6
-0.86676,4.26657,5.0,26.0,6
-0.85733,3.83264,5.0,24.0,6
-0.852081,4.70062,5.0,28.0,6
-0.847168,3.60559,5.0,23.0,6
-0.841736,4.37518,5.0,27.0,6
-0.835327,3.28564,5.0,21.0,6
-0.829712,4.5578,5.0,28.0,6
-0.82132,4.1442,5.0,26.0,6
-0.818726,3.41922,5.0,22.0,6
-0.81485,3.46609,5.0,22.0,6
-0.81131,4.49881,5.0,27.0,6
-0.805725,3.74658,5.0,23.0,6
-0.804321,4.36053,5.0,27.0,6
-0.802032,4.72482,5.0,28.0,6
-0.798248,3.60373,6.0,23.0,6
-0.792969,3.94534,6.0,25.0,6
-0.790985,4.31223,6.0,26.0,6
-0.787445,3.92978,6.0,24.0,6
-0.783783,3.56094,6.0,23.0,6
-0.781799,3.92175,6.0,24.0,6
-0.778076,3.24286,6.0,21.0,6
-0.772278,4.26865,6.0,26.0,6
-0.767517,4.03027,6.0,25.0,6
-0.762939,3.50674,6.0,22.0,6
-0.760193,4.68491,6.0,28.0,6
-0.755646,3.34592,6.0,21.0,6
-0.750946,3.28937,6.0,21.0,6
-0.746887,3.51874,6.0,22.0,6
-0.74649,3.4097,6.0,22.0,6
-0.744324,4.0191,6.0,25.0,6
-0.740631,3.65689,6.0,23.0,6
-0.730286,3.94162,6.0,24.0,6
-0.72287,3.6041,6.0,23.0,6
-0.714996,3.45151,6.0,22.0,6
-0.710693,3.5285,6.0,22.0,6
-0.709076,3.40454,6.0,22.0,6
-0.707855,4.07953,6.0,25.0,6
-0.706787,4.37881,6.0,27.0,6
-0.704132,4.24292,6.0,26.0,6
-0.701965,3.90842,6.0,24.0,6
-0.70047,3.51724,6.0,22.0,6
-0.698242,4.23773,6.0,26.0,6
-0.695618,4.37582,6.0,27.0,6
-0.69397,3.45782,6.0,22.0,6
-0.690125,4.33707,6.0,26.0,6
-0.688202,3.3468,6.0,21.0,6
-0.684784,4.12488,6.0,25.0,6
-0.681641,4.42679,6.0,27.0,6
-0.676697,4.13739,6.0,25.0,6
-0.668518,3.35706,6.0,22.0,6
-0.665405,3.6525,6.0,23.0,6
-0.663025,3.82498,6.0,24.0,6
-0.654388,3.34863,6.0,21.0,6
-0.650848,3.95288,6.0,25.0,6
-0.6492,3.88586,6.0,24.0,6
-0.647064,4.63589,6.0,28.0,6
-0.64389,4.16901,6.0,26.0,6
-0.640778,4.01926,6.0,25.0,6
-0.637115,3.57504,6.0,23.0,6
-0.634521,3.85696,6.0,24.0,6
-0.630524,4.39166,6.0,27.0,6
-0.626526,3.95816,6.0,25.0,6
-0.623688,3.73834,6.0,23.0,6
-0.618652,3.71042,6.0,23.0,6
-0.615784,4.09485,6.0,25.0,6
-0.6138,4.2196,6.0,26.0,6
-0.610962,4.29758,6.0,26.0,6
-0.606323,3.9473,6.0,25.0,6
-0.602051,3.48679,7.0,22.0,6
-0.591644,3.87137,7.0,24.0,6
-0.582275,4.43628,7.0,27.0,6
-0.578003,3.77768,7.0,24.0,6
-0.570648,4.20959,7.0,26.0,6
-0.563019,4.13147,7.0,25.0,6
-0.55896,3.61252,7.0,23.0,6
-0.55777,4.24698,7.0,26.0,6
-0.554962,4.36093,7.0,27.0,6
-0.549042,4.06668,7.0,25.0,6
-0.53833,4.16998,7.0,26.0,6
-0.533813,4.07227,7.0,25.0,6
-0.527435,4.47617,7.0,27.0,6
-0.525696,4.24094,7.0,26.0,6
-0.523285,4.24829,7.0,26.0,6
-0.519806,4.2843,7.0,26.0,6
-0.518097,4.41098,7.0,27.0,6
-0.515381,3.52289,7.0,22.0,6
-0.504333,4.4733,7.0,27.0,6
-0.500031,4.04248,7.0,25.0,6
-0.496185,4.38489,7.0,27.0,6
-0.490082,4.27466,7.0,26.0,6
-0.486542,4.14966,7.0,26.0,6
-0.484406,3.62491,7.0,23.0,6
-0.473602,3.70819,7.0,23.0,6
-0.467773,3.59668,7.0,23.0,6
-0.450928,4.10559,7.0,25.0,6
-0.44635,4.27695,7.0,26.0,6
-0.438324,4.28928,7.0,26.0,6
-0.431061,3.76746,7.0,24.0,6
-0.422516,3.78616,7.0,24.0,6
-0.415436,4.18512,7.0,26.0,6
-0.410767,4.39377,7.0,27.0,6
-0.407806,4.34552,7.0,27.0,6
-0.405701,3.6969,7.0,23.0,6
-0.396301,3.9317,8.0,24.0,6
-0.387177,4.35425,8.0,27.0,6
-0.376068,4.05475,8.0,25.0,6
-0.369781,4.36899,8.0,27.0,6
-0.359924,3.79892,8.0,24.0,6
-0.354828,3.82147,8.0,24.0,6
-0.350586,4.15848,8.0,26.0,6
-0.340973,3.87634,8.0,24.0,6
-0.323364,4.25729,8.0,26.0,6
-0.316864,4.13535,8.0,25.0,6
-0.305695,4.01968,8.0,25.0,6
-0.294281,4.15765,8.0,26.0,6
-0.272766,3.7814,8.0,24.0,6
-0.266541,3.93216,8.0,24.0,6
-0.253204,4.00793,8.0,25.0,6
-0.244873,4.13492,8.0,25.0,6
-0.231628,3.79352,8.0,24.0,6
-0.214081,3.85052,8.0,24.0,6
-0.200195,3.90726,9.0,24.0,6
-0.18924,4.0137,9.0,25.0,6
-0.171387,3.96051,9.0,25.0,6
-0.143188,3.94156,9.0,24.0,6
-0.134491,4.04556,9.0,25.0,6
-0.124359,3.90234,9.0,24.0,6
-0.103607,4.05844,9.0,25.0,6
-0.0974426,3.92606,9.0,24.0,6
0.0699463,3.96103,10.0,25.0,7
0.0842896,3.95071,10.0,25.0,7
0.097229,4.05142,10.0,25.0,7
0.133209,3.97961,10.0,25.0,7
0.152008,4.13089,10.0,25.0,7
0.158997,3.88974,10.0,24.0,7
0.16391,3.92572,10.0,24.0,7
0.174957,4.16818,10.0,26.0,7
0.182678,4.17368,10.0,26.0,7
0.191925,3.95502,11.0,25.0,7
0.204529,4.16885,11.0,26.0,7
0.214691,3.83188,11.0,24.0,7
0.217743,4.17441,11.0,26.0,7
0.237701,3.81274,11.0,24.0,7
0.24173,4.21759,11.0,26.0,7
0.257965,3.93951,11.0,24.0,7
0.276459,3.80591,11.0,24.0,7
0.28299,4.05844,11.0,25.0,7
0.295959,4.15607,11.0,26.0,7
0.304016,3.89716,11.0,24.0,7
0.310974,4.03534,11.0,25.0,7
0.317993,3.85281,11.0,24.0,7
0.32254,4.18903,11.0,26.0,7
0.33078,4.15012,11.0,26.0,7
0.348419,4.31232,11.0,26.0,7
0.352081,3.77771,11.0,24.0,7
0.361176,4.33829,11.0,27.0,7
0.368378,3.91931,11.0,24.0,7
0.37677,3.84897,11.0,24.0,7
0.38501,3.85229,12.0,24.0,7
0.389099,3.78857,12.0,24.0,7
0.390778,3.97021,12.0,25.0,7
0.411499,3.5946,12.0,23.0,7
0.416077,4.12045,12.0,25.0,7
0.421844,3.80212,12.0,24.0,7
0.427826,3.77063,12.0,24.0,7
0.436279,3.72046,12.0,23.0,7
0.445404,4.42212,12.0,27.0,7
0.448975,4.10416,12.0,25.0,7
0.452057,3.59415,12.0,23.0,7
0.458527,3.89658,12.0,24.0,7
0.465149,3.8317,12.0,24.0,7
0.470795,4.39383,12.0,27.0,7
0.475128,4.08832,12.0,25.0,7
0.484039,3.84259,12.0,24.0,7
0.487671,4.32434,12.0,26.0,7
0.490692,4.44788,12.0,27.0,7
0.49707,3.74902,12.0,24.0,7
0.507629,3.82458,12.0,24.0,7
0.512604,3.91183,12.0,24.0,7
0.515564,4.03012,12.0,25.0,7
0.521576,4.11664,12.0,25.0,7
0.526642,4.22415,12.0,26.0,7
0.532684,4.4826,12.0,27.0,7
0.535339,3.77408,12.0,24.0,7
0.541046,3.56155,12.0,23.0,7
0.550507,3.4808,12.0,22.0,7
0.554382,3.6246,12.0,23.0,7
0.55719,4.40378,12.0,27.0,7
0.565186,3.5498,12.0,22.0,7
0.568848,4.17639,12.0,26.0,7
0.576752,4.45053,12.0,27.0,7
0.580414,3.63895,12.0,23.0,7
0.591248,3.43042,13.0,22.0,7
0.598572,4.10342,13.0,25.0,7
0.609528,4.53558,13.0,28.0,7
0.614563,4.18158,13.0,26.0,7
0.615601,4.33267,13.0,26.0,7
0.61969,3.57541,13.0,23.0,7
0.624359,3.53674,13.0,22.0,7
0.627136,3.95932,13.0,25.0,7
0.628754,4.00287,13.0,25.0,7
0.631134,3.58316,13.0,23.0,7
0.636169,3.46759,13.0,22.0,7
0.636658,4.58798,13.0,28.0,7
0.641113,4.46606,13.0,27.0,7
0.646698,4.14413,13.0,26.0,7
0.651886,3.61816,13.0,23.0,7
0.655762,3.88837,13.0,24.0,7
0.663574,3.75967,13.0,24.0,7
0.670227,4.0813,13.0,25.0,7
0.677673,4.42862,13.0,27.0,7
0.679077,3.48047,13.0,22.0,7
0.68396,3.42603,13.0,22.0,7
0.689392,4.53543,13.0,28.0,7
0.694672,3.45004,13.0,22.0,7
0.700531,3.96552,13.0,25.0,7
0.703735,4.41422,13.0,27.0,7
0.704437,3.53354,13.0,22.0,7
0.706543,4.14926,13.0,26.0,7
0.708221,3.50708,13.0,22.0,7
0.712585,3.39868,13.0,22.0,7
0.719696,4.16425,13.0,26.0,7
0.722229,4.64084,13.0,28.0,7
0.7258,3.58621,13.0,23.0,7
0.731964,3.82022,13.0,24.0,7
0.733795,4.36942,13.0,27.0,7
0.738007,3.82019,13.0,24.0,7
0.745422,4.577,13.0,28.0,7
0.748962,3.89218,13.0,24.0,7
0.752594,3.77304,13.0,24.0,7
0.75528,4.72433,13.0,28.0,7
0.757416,3.34933,13.0,21.0,7
0.764862,4.07834,13.0,25.0,7
0.771606,3.44815,13.0,22.0,7
0.776001,3.64163,13.0,23.0,7
0.784729,4.64453,14.0,28.0,7
0.785797,3.58783,14.0,23.0,7
0.791107,4.64563,14.0,28.0,7
0.792419,3.38144,14.0,22.0,7
0.799377,4.3269,14.0,26.0,7
0.802795,3.77039,14.0,24.0,7
0.805542,3.73499,14.0,23.0,7
0.809387,4.15317,14.0,26.0,7
0.81192,4.55093,14.0,28.0,7
0.815704,3.95392,14.0,25.0,7
0.819336,3.61752,14.0,23.0,7
0.820435,3.93759,14.0,24.0,7
0.825745,3.61932,14.0,23.0,7
0.828705,3.67844,14.0,23.0,7
0.830322,4.04004,14.0,25.0,7
0.831482,4.82062,14.0,29.0,7
0.838043,3.99487,14.0,25.0,7
0.840546,3.5032,14.0,22.0,7
0.845184,4.59506,14.0,28.0,7
0.850525,3.99109,14.0,25.0,7
0.853699,4.19952,14.0,26.0,7
0.855042,3.164,14.0,21.0,7
0.858582,4.41919,14.0,27.0,7
0.861389,4.79349,14.0,29.0,7
0.861908,4.27606,14.0,26.0,7
0.862823,4.57336,14.0,28.0,7
0.863861,4.03156,14.0,25.0,7
0.871307,3.26294,14.0,21.0,7
0.874542,3.38635,14.0,22.0,7
0.877228,3.62494,14.0,23.0,7
0.879517,3.78497,14.0,24.0,7
0.885437,3.16162,14.0,21.0,7
0.887024,3.33151,14.0,21.0,7
0.88913,4.09912,14.0,25.0,7
0.890961,3.58923,14.0,23.0,7
0.895569,4.28372,14.0,26.0,7
0.898895,3.35129,14.0,21.0,7
0.907959,4.33481,14.0,26.0,7
0.911316,3.48312,14.0,22.0,7
0.912659,3.16589,14.0,21.0,7
0.916504,3.38168,14.0,22.0,7
0.92218,4.6001,14.0,28.0,7
0.924957,3.1293,14.0,20.0,7
0.926025,3.96365,14.0,25.0,7
0.928833,4.86517,14.0,29.0,7
0.932831,4.01578,14.0,25.0,7
0.937286,4.50848,14.0,27.0,7
0.94043,4.68011,14.0,28.0,7
0.943848,3.8186,14.0,24.0,7
0.946716,3.63217,14.0,23.0,7
0.952057,3.14615,14.0,20.0,7
0.953583,3.65805,14.0,23.0,7
0.9552,3.80569,14.0,24.0,7
0.959106,4.87698,14.0,29.0,7
0.961548,4.65311,14.0,28.0,7
0.964325,4.63211,14.0,28.0,7
0.965698,4.17017,14.0,26.0,7
0.967346,3.98978,14.0,25.0,7
0.970337,4.12433,14.0,25.0,7
0.972168,4.31296,14.0,26.0,7
0.975891,4.01099,14.0,25.0,7
0.980011,3.85413,15.0,24.0,7
0.984863,3.59445,15.0,23.0,7
0.988312,4.73459,15.0,29.0,7
0.99295,3.68121,15.0,23.0,7
0.998749,3.28589,15.0,21.0,7
1.00439,3.11453,15.0,20.0,7
1.00693,3.8801,15.0,24.0,7
1.00882,4.17465,15.0,26.0,7
1.01126,3.28241,15.0,21.0,7
1.01376,3.13205,15.0,20.0,7
1.01669,4.57007,15.0,28.0,7
1.02228,3.27173,15.0,21.0,7
1.02795,3.84067,15.0,24.0,7
1.02896,4.18372,15.0,26.0,7
1.03293,3.66116,15.0,23.0,7
1.0361,4.06717,15.0,25.0,7
1.03674,4.05231,15.0,25.0,7
1.03836,3.93793,15.0,24.0,7
1.03979,4.63669,15.0,28.0,7
1.04605,4.29846,15.0,26.0,7
1.04776,4.35269,15.0,27.0,7
1.04926,4.19342,15.0,26.0,7
1.0509,3.05722,15.0,20.0,7
1.05533,4.20367,15.0,26.0,7
1.05838,3.14542,15.0,20.0,7
1.06146,4.59708,15.0,28.0,7
1.06436,3.77728,15.0,24.0,7
1.07053,4.16779,15.0,26.0,7
1.07538,3.9227,15.0,24.0,7
1.07846,3.10388,15.0,20.0,7
1.08301,4.72879,15.0,28.0,7
1.08664,3.36081,15.0,22.0,7
1.08847,3.47971,15.0,22.0,7
1.09351,4.25931,15.0,26.0,7
1.09772,3.91141,15.0,24.0,7
1.09927,4.02655,15.0,25.0,7
1.10696,3.15912,15.0,21.0,7
1.11038,4.78918,15.0,29.0,7
1.11783,4.71777,15.0,28.0,7
1.12006,4.45444,15.0,27.0,7
1.12247,3.71918,15.0,23.0,7
1.12613,3.81482,15.0,24.0,7
1.12982,4.38556,15.0,27.0,7
1.13229,3.80038,15.0,24.0,7
1.13434,3.66605,15.0,23.0,7
1.13864,3.79861,15.0,24.0,7
1.1413,4.64835,15.0,28.0,7
1.14322,4.74179,15.0,29.0,7
1.14572,4.21008,15.0,26.0,7
1.15042,4.09592,15.0,25.0,7
1.1543,3.2262,15.0,21.0,7
1.16144,4.83313,15.0,29.0,7
1.16638,3.77261,15.0,24.0,7
1.16962,3.69693,15.0,23.0,7
1.1731,4.75662,15.0,29.0,7
1.17456,4.56192,15.0,28.0,7
1.17908,3.9707,16.0,25.0,7
1.18317,3.23975,16.0,21.0,7
1.1875,4.68878,16.0,28.0,7
1.19153,4.42087,16.0,27.0,7
1.19559,3.27811,16.0,21.0,7
1.2002,3.74158,16.0,23.0,7
1.20187,3.38937,16.0,22.0,7
1.20822,4.21289,16.0,26.0,7
1.21365,4.13977,16.0,25.0,7
1.21945,3.4346,16.0,22.0,7
1.22513,4.58984,16.0,28.0,7
1.22665,4.45535,16.0,27.0,7
1.23141,4.48871,16.0,27.0,7
1.23383,4.22974,16.0,26.0,7
1.23581,4.3576,16.0,27.0,7
1.2392,4.22699,16.0,26.0,7
1.24744,4.39505,16.0,27.0,7
1.25046,4.3988,16.0,27.0,7
1.25696,3.45731,16.0,22.0,7
1.26266,4.63867,16.0,28.0,7
1.26794,4.61017,16.0,28.0,7
1.27133,3.34631,16.0,21.0,7
1.28162,3.77228,16.0,24.0,7
1.28513,3.44543,16.0,22.0,7
1.29578,4.21854,16.0,26.0,7
1.29926,3.67358,16.0,23.0,7
1.30377,3.86905,16.0,24.0,7
1.30756,4.34384,16.0,27.0,7
1.31403,3.52872,16.0,22.0,7
1.31592,4.11362,16.0,25.0,7
1.32071,3.48148,16.0,22.0,7
1.32419,4.02737,16.0,25.0,7
1.32813,3.7991,16.0,24.0,7
1.33121,4.40909,16.0,27.0,7
1.33328,3.94778,16.0,25.0,7
1.33633,3.40237,16.0,22.0,7
1.34256,3.59402,16.0,23.0,7
1.34732,3.86252,16.0,24.0,7
1.35059,3.57568,16.0,23.0,7
1.35419,3.59152,16.0,23.0,7
1.36493,3.77625,16.0,24.0,7
1.36652,4.21954,16.0,26.0,7
1.37347,4.04715,17.0,25.0,7
1.3765,4.09247,17.0,25.0,7
1.38159,4.3981,17.0,27.0,7
1.38583,3.46332,17.0,22.0,7
1.38837,4.08563,17.0,25.0,7
1.39072,4.55569,17.0,28.0,7
1.39334,4.40332,17.0,27.0,7
1.40125,3.4505,17.0,22.0,7
1.40802,4.25922,17.0,26.0,7
1.41162,4.18893,17.0,26.0,7
1.42047,4.22083,17.0,26.0,7
1.42398,3.71088,17.0,23.0,7
1.42719,3.43393,17.0,22.0,7
1.42987,4.43616,17.0,27.0,7
1.43237,4.29373,17.0,26.0,7
1.43555,4.35336,17.0,27.0,7
1.4386,4.25284,17.0,26.0,7
1.44342,3.60666,17.0,23.0,7
1.44717,3.63153,17.0,23.0,7
1.45654,3.50824,17.0,22.0,7
1.46722,3.6756,17.0,23.0,7
1.47852,4.0267,17.0,25.0,7
1.48776,4.01953,17.0,25.0,7
1.49249,4.19623,17.0,26.0,7
1.50092,4.26981,17.0,26.0,7
1.51413,4.22943,17.0,26.0,7
1.5155,3.59619,17.0,23.0,7
1.51962,4.06415,17.0,25.0,7
1.53003,3.59634,17.0,23.0,7
1.53775,3.67578,17.0,23.0,7
1.54608,3.96881,17.0,25.0,7
1.55106,3.96075,17.0,25.0,7
1.55527,3.77103,17.0,24.0,7
1.56079,4.23743,17.0,26.0,7
1.5675,3.58743,17.0,23.0,7
1.57202,3.59995,18.0,23.0,7
1.5769,3.9545,18.0,25.0,7
1.57938,3.6149,18.0,23.0,7
1.59106,4.01852,18.0,25.0,7
1.59909,4.31793,18.0,26.0,7
1.60968,4.23132,18.0,26.0,7
1.61761,4.18909,18.0,26.0,7
1.62943,4.22043,18.0,26.0,7
1.63351,4.07733,18.0,25.0,7
1.64813,3.97092,18.0,25.0,7
1.65067,3.70499,18.0,23.0,7
1.65451,4.10547,18.0,25.0,7
1.66208,3.97876,18.0,25.0,7
1.66708,4.1467,18.0,26.0,7
1.68292,3.81824,18.0,24.0,7
1.69366,4.0668,18.0,25.0,7
1.70398,4.24649,18.0,26.0,7
1.71625,3.72037,18.0,23.0,7
1.73828,3.80057,18.0,24.0,7
1.75278,3.89041,18.0,24.0,7
1.75754,4.04712,18.0,25.0,7
1.76697,4.11414,18.0,25.0,7
1.79871,4.19754,19.0,26.0,7
1.81125,3.91367,19.0,24.0,7
1.81662,4.04105,19.0,25.0,7
1.83035,3.92914,19.0,24.0,7
1.8429,4.10709,19.0,25.0,7
1.85864,3.99631,19.0,25.0,7
1.87161,4.11984,19.0,25.0,7
1.89139,3.92276,19.0,24.0,7
1.90054,4.09625,19.0,25.0,7
1.90784,4.01663,19.0,25.0,7
1.91867,4.00192,19.0,25.0,7
1.95972,4.0173,19.0,25.0,7
2.09741,4.09738,20.0,25.0,8
2.11838,3.98309,20.0,25.0,8
2.1329,3.94205,20.0,24.0,8
2.16171,4.00626,20.0,25.0,8
2.17206,3.96692,21.0,25.0,8
2.19183,4.11963,21.0,25.0,8
2.21292,3.98041,21.0,25.0,8
2.22607,3.80899,21.0,24.0,8
2.24121,3.95209,21.0,25.0,8
2.26105,3.99084,21.0,25.0,8
2.26776,3.81192,21.0,24.0,8
2.276,4.19156,21.0,26.0,8
2.29001,4.07941,21.0,25.0,8
2.29672,4.03043,21.0,25.0,8
2.30362,4.04398,21.0,25.0,8
2.3179,4.05154,21.0,25.0,8
2.33499,4.24649,21.0,26.0,8
2.33908,4.0296,21.0,25.0,8
2.34485,3.68109,21.0,23.0,8
2.34961,3.82068,21.0,24.0,8
2.35718,4.10974,21.0,25.0,8
2.36304,4.25671,22.0,26.0,8
2.379,3.97583,22.0,25.0,8
2.3855,4.30252,22.0,26.0,8
2.39609,3.6846,22.0,23.0,8
2.40793,3.97443,22.0,25.0,8
2.41507,4.35187,22.0,27.0,8
2.42084,3.61884,22.0,23.0,8
2.42722,3.57529,22.0,23.0,8
2.43771,4.11853,22.0,25.0,8
2.45114,3.60303,22.0,23.0,8
2.46271,3.94608,22.0,25.0,8
2.46893,3.56729,22.0,23.0,8
2.47845,3.68735,22.0,23.0,8
2.48474,3.9585,22.0,25.0,8
2.48737,4.29907,22.0,26.0,8
2.49344,3.75671,22.0,24.0,8
2.49969,3.99072,22.0,25.0,8
2.50327,4.18588,22.0,26.0,8
2.50601,4.37421,22.0,27.0,8
2.51358,3.67108,22.0,23.0,8
2.52023,4.1702,22.0,26.0,8
2.52963,4.52316,22.0,27.0,8
2.53387,3.60571,22.0,23.0,8
2.54352,4.51395,22.0,27.0,8
2.55215,3.61932,22.0,23.0,8
2.55377,3.68671,22.0,23.0,8
2.55673,3.55002,22.0,22.0,8
2.56223,3.74466,23.0,23.0,8
2.56616,3.67813,23.0,23.0,8
2.56723,3.92554,23.0,24.0,8
2.57217,4.267,23.0,26.0,8
2.57788,4.47073,23.0,27.0,8
2.58136,4.22653,23.0,26.0,8
2.5918,4.43079,23.0,27.0,8
2.59595,3.53711,23.0,22.0,8
2.59891,3.90067,23.0,24.0,8
2.60031,3.82062,23.0,24.0,8
2.60529,4.37006,23.0,27.0,8
2.612,3.45657,23.0,22.0,8
2.61801,3.95959,23.0,25.0,8
2.62082,4.15048,23.0,26.0,8
2.62357,3.89047,23.0,24.0,8
2.62692,3.62585,23.0,23.0,8
2.63144,3.40857,23.0,22.0,8
2.63684,3.98926,23.0,25.0,8
2.63953,3.97504,23.0,25.0,8
2.64487,4.13364,23.0,25.0,8
2.65067,4.01749,23.0,25.0,8
2.65308,3.52441,23.0,22.0,8
2.65698,3.95657,23.0,25.0,8
2.66394,4.6304,23.0,28.0,8
2.66885,4.56525,23.0,28.0,8
2.67438,4.59067,23.0,28.0,8
2.67612,4.32071,23.0,26.0,8
2.68088,3.93774,23.0,24.0,8
2.69101,3.33423,23.0,21.0,8
2.6987,4.04926,23.0,25.0,8
2.70294,3.69476,23.0,23.0,8
2.70563,4.2988,23.0,26.0,8
2.71219,3.51782,23.0,22.0,8
2.71582,4.39423,23.0,27.0,8
2.71939,4.14844,23.0,26.0,8
2.72403,4.35052,23.0,27.0,8
2.72839,3.90366,23.0,24.0,8
2.73135,3.5087,23.0,22.0,8
2.7446,3.95154,23.0,25.0,8
2.75049,3.8793,23.0,24.0,8
2.7525,4.63284,23.0,28.0,8
2.759,3.63525,24.0,23.0,8
2.76083,4.5148,24.0,27.0,8
2.76288,4.02859,24.0,25.0,8
2.76587,4.71033,24.0,28.0,8
2.76996,3.5397,24.0,22.0,8
2.77689,4.39267,24.0,27.0,8
2.78165,3.96075,24.0,25.0,8
2.78531,3.65836,24.0,23.0,8
2.79001,4.01862,24.0,25.0,8
2.79153,4.50363,24.0,27.0,8
2.79779,4.59573,24.0,28.0,8
2.80304,3.85434,24.0,24.0,8
2.80817,4.556,24.0,28.0,8
2.81201,3.64612,24.0,23.0,8
2.81558,4.54608,24.0,28.0,8
2.81635,3.62726,24.0,23.0,8
2.81848,3.83963,24.0,24.0,8
2.82175,4.72943,24.0,28.0,8
2.82327,3.5618,24.0,23.0,8
2.82776,3.39532,24.0,22.0,8
2.83005,3.88754,24.0,24.0,8
2.83191,4.15143,24.0,26.0,8
2.83929,4.34705,24.0,27.0,8
2.8414,3.27496,24.0,21.0,8
2.84421,3.9957,24.0,25.0,8
2.84866,4.06271,24.0,25.0,8
2.85114,4.34103,24.0,27.0,8
2.85281,3.4791,24.0,22.0,8
2.85641,3.99689,24.0,25.0,8
2.85977,3.68015,24.0,23.0,8
2.86151,4.39856,24.0,27.0,8
2.8663,4.3924,24.0,27.0,8
2.871,4.29938,24.0,26.0,8
2.87244,3.93613,24.0,24.0,8
2.87482,3.56665,24.0,23.0,8
2.87595,3.22595,24.0,21.0,8
2.87717,3.6868,24.0,23.0,8
2.88062,3.2597,24.0,21.0,8
2.88358,3.6503,24.0,23.0,8
2.88919,4.70407,24.0,28.0,8
2.89554,3.78558,24.0,24.0,8
2.89713,3.31207,24.0,21.0,8
2.89835,4.14783,24.0,26.0,8
2.90109,3.91077,24.0,24.0,8
2.90292,4.36725,24.0,27.0,8
2.90601,3.2218,24.0,21.0,8
2.90845,4.79993,24.0,29.0,8
2.91336,4.15771,24.0,26.0,8
2.91467,3.75888,24.0,24.0,8
2.91565,4.68304,24.0,28.0,8
2.91699,3.55881,24.0,23.0,8
2.9194,4.5787,24.0,28.0,8
2.92139,3.41879,24.0,22.0,8
2.92368,3.13071,24.0,20.0,8
2.92947,3.14633,24.0,20.0,8
2.93063,3.733,24.0,23.0,8
2.93369,4.23691,24.0,26.0,8
2.93558,3.67419,24.0,23.0,8
2.9415,4.09409,24.0,25.0,8
2.94382,4.46558,24.0,27.0,8
2.95114,3.78061,24.0,24.0,8
2.95364,3.8829,24.0,24.0,8
2.95731,4.37335,25.0,27.0,8
2.95932,3.12213,25.0,20.0,8
2.96481,3.0437,25.0,20.0,8
2.96716,4.21649,25.0,26.0,8
2.96872,3.21298,25.0,21.0,8
2.97006,4.02942,25.0,25.0,8
2.97089,3.11304,25.0,20.0,8
2.97473,3.20126,25.0,21.0,8
2.97559,3.18091,25.0,21.0,8
2.97818,4.22116,25.0,26.0,8
2.98624,3.35165,25.0,21.0,8
2.98862,3.75458,25.0,24.0,8
2.98999,3.30679,25.0,21.0,8
2.99408,3.15784,25.0,21.0,8
2.99969,3.45535,25.0,22.0,8
3.00427,4.04962,25.0,25.0,8
3.00772,3.90897,25.0,24.0,8
3.00928,4.20596,25.0,26.0,8
3.0112,4.57724,25.0,28.0,8
3.01318,3.79794,25.0,24.0,8
3.01422,4.69714,25.0,28.0,8
3.02264,3.39563,25.0,22.0,8
3.02554,3.81573,25.0,24.0,8
3.02713,4.8241,25.0,29.0,8
3.02832,4.10855,25.0,25.0,8
3.03107,4.01874,25.0,25.0,8
3.03287,3.35379,25.0,21.0,8
3.03467,4.27802,25.0,26.0,8
3.03525,4.10315,25.0,25.0,8
3.03732,4.27847,25.0,26.0,8
3.03976,3.73373,25.0,23.0,8
3.04443,4.29449,25.0,26.0,8
3.04715,3.31424,25.0,21.0,8
3.05103,4.18149,25.0,26.0,8
3.05554,4.75037,25.0,29.0,8
3.05579,4.22861,25.0,26.0,8
3.06198,4.62131,25.0,28.0,8
3.06577,3.34259,25.0,21.0,8
3.06876,4.9278,25.0,29.0,8
3.07288,3.32709,25.0,21.0,8
3.07764,4.69101,25.0,28.0,8
3.07886,4.03055,25.0,25.0,8
3.08118,4.07449,25.0,25.0,8
3.08252,4.66422,25.0,28.0,8
3.08508,4.56693,25.0,28.0,8
3.08871,3.22098,25.0,21.0,8
3.09079,3.60477,25.0,23.0,8
3.09244,3.5863,25.0,23.0,8
3.09479,4.78815,25.0,29.0,8
3.09854,3.51303,25.0,22.0,8
3.10074,4.3324,25.0,26.0,8
3.10251,3.491,25.0,22.0,8
3.10349,4.7645,25.0,29.0,8
3.10779,4.39767,25.0,27.0,8
3.11111,4.5022,25.0,27.0,8
3.1124,4.37549,25.0,27.0,8
3.11349,3.67953,25.0,23.0,8
3.11853,4.49692,25.0,27.0,8
3.12488,4.3728,25.0,27.0,8
3.12952,4.52472,25.0,27.0,8
3.134,3.37024,25.0,22.0,8
3.13574,3.81909,25.0,24.0,8
3.13907,3.24063,25.0,21.0,8
3.14035,4.53134,25.0,27.0,8
3.1459,4.11298,25.0,25.0,8
3.15482,3.35513,26.0,22.0,8
3.15915,3.39764,26.0,22.0,8
3.16681,4.1015,26.0,25.0,8
3.16916,3.30643,26.0,21.0,8
3.17242,3.67303,26.0,23.0,8
3.17709,3.9176,26.0,24.0,8
3.17935,4.68555,26.0,28.0,8
3.18277,3.91367,26.0,24.0,8
3.18463,3.46475,26.0,22.0,8
3.18808,4.72861,26.0,28.0,8
3.1936,4.48117,26.0,27.0,8
3.19717,3.93832,26.0,24.0,8
3.19775,4.78711,26.0,29.0,8
3.20206,3.55539,26.0,23.0,8
3.20724,4.26633,26.0,26.0,8
3.2113,4.16278,26.0,26.0,8
3.21518,4.02115,26.0,25.0,8
3.22223,4.12558,26.0,25.0,8
3.2276,4.12769,26.0,25.0,8
3.22888,3.26666,26.0,21.0,8
3.23083,3.81879,26.0,24.0,8
3.23404,3.50754,26.0,22.0,8
3.23566,3.24753,26.0,21.0,8
3.23575,3.44748,26.0,22.0,8
3.24515,3.43021,26.0,22.0,8
3.24973,4.38345,26.0,27.0,8
3.25327,4.41348,26.0,27.0,8
3.25882,3.63553,26.0,23.0,8
3.26266,4.50421,26.0,27.0,8
3.26569,4.56558,26.0,28.0,8
3.27332,4.42831,26.0,27.0,8
3.27896,4.3085,26.0,26.0,8
3.28079,4.31857,26.0,26.0,8
3.28394,4.2305,26.0,26.0,8
3.28738,3.90521,26.0,24.0,8
3.2897,3.57761,26.0,23.0,8
3.29749,4.49643,26.0,27.0,8
3.29919,4.31058,26.0,26.0,8
3.30496,3.33823,26.0,21.0,8
3.31015,4.22372,26.0,26.0,8
3.31256,4.17111,26.0,26.0,8
3.31543,4.10229,26.0,25.0,8
3.32074,3.66614,26.0,23.0,8
3.32275,3.4657,26.0,22.0,8
3.32718,3.47134,26.0,22.0,8
3.33218,4.60052,26.0,28.0,8
3.33609,3.3623,26.0,22.0,8
3.33994,3.91257,26.0,24.0,8
3.34225,4.37668,26.0,27.0,8
3.34497,4.06244,26.0,25.0,8
3.36322,4.41302,27.0,27.0,8
3.36725,4.51129,27.0,27.0,8
3.37262,3.49179,27.0,22.0,8
3.37656,4.00333,27.0,25.0,8
3.37875,4.35999,27.0,27.0,8
3.39026,3.44839,27.0,22.0,8
3.39435,4.06113,27.0,25.0,8
3.40189,3.44955,27.0,22.0,8
3.40744,3.80838,27.0,24.0,8
3.40863,3.43887,27.0,22.0,8
3.41354,3.52487,27.0,22.0,8
3.41638,3.56039,27.0,23.0,8
3.41971,4.14337,27.0,26.0,8
3.42752,4.30399,27.0,26.0,8
3.43103,3.55637,27.0,23.0,8
3.43878,3.86951,27.0,24.0,8
3.4433,4.20026,27.0,26.0,8
3.44962,4.47537,27.0,27.0,8
3.45084,3.89151,27.0,24.0,8
3.45258,4.2959,27.0,26.0,8
3.46793,3.802,27.0,24.0,8
3.478,3.78738,27.0,24.0,8
3.48245,3.65857,27.0,23.0,8
3.49283,3.81644,27.0,24.0,8
3.50565,4.48477,27.0,27.0,8
3.51151,3.61462,27.0,23.0,8
3.51572,3.62796,27.0,23.0,8
3.52142,4.07532,27.0,25.0,8
3.5311,3.56839,27.0,23.0,8
3.53506,4.01755,27.0,25.0,8
3.54333,4.29926,27.0,26.0,8
3.55115,3.8685,28.0,24.0,8
3.55231,4.18002,28.0,26.0,8
3.55676,3.7226,28.0,23.0,8
3.56067,3.99863,28.0,25.0,8
3.56461,4.27927,28.0,26.0,8
3.56848,3.93085,28.0,24.0,8
3.57132,4.14444,28.0,26.0,8
3.57883,4.29709,28.0,26.0,8
3.58533,3.95834,28.0,25.0,8
3.59082,4.04895,28.0,25.0,8
3.59967,4.28241,28.0,26.0,8
3.60703,3.68753,28.0,23.0,8
3.61438,4.01257,28.0,25.0,8
3.61566,4.03085,28.0,25.0,8
3.61984,3.73877,28.0,23.0,8
3.62753,4.14545,28.0,26.0,8
3.6312,4.20361,28.0,26.0,8
3.6351,4.18176,28.0,26.0,8
3.6391,3.89478,28.0,24.0,8
3.65625,3.81989,28.0,24.0,8
3.68097,4.22879,28.0,26.0,8
3.71085,3.82047,28.0,24.0,8
3.72015,3.96783,28.0,25.0,8
3.7301,4.08432,28.0,25.0,8
3.73611,3.74323,28.0,23.0,8
3.75415,4.17026,29.0,26.0,8
3.76596,4.18695,29.0,26.0,8
3.77542,4.00009,29.0,25.0,8
3.78473,4.1861,29.0,26.0,8
3.79544,4.01443,29.0,25.0,8
3.80444,3.89304,29.0,24.0,8
3.80911,3.88107,29.0,24.0,8
3.83362,4.14063,29.0,25.0,8
3.84756,3.91028,29.0,24.0,8
3.89923,3.94684,29.0,25.0,8
3.93759,4.01599,29.0,25.0,8